"cell_id","parent_cluster","sub_key"
"L1_AAACGAAAGGGCTGAT-1","2","2_2"
"L1_AAACGAACAACATCGT-1","2","2_0"
"L1_AAACGCTGTGACTAAA-1","2","2_2"
"L1_AAAGAACGTATCGTGT-1","2","2_5"
"L1_AAAGGATCATTCATCT-1","2","2_0"
"L1_AAAGTGATCTTCTAAC-1","2","2_4"
"L1_AACAAAGTCGGCCAAC-1","2","2_2"
"L1_AACAAGACATGGGATG-1","2","2_0"
"L1_AACACACGTATCACGT-1","2","2_0"
"L1_AACCACAGTTAGGACG-1","2","2_0"
"L1_AACCATGGTGTATTGC-1","2","2_2"
"L1_AACCTTTTCTACTTCA-1","2","2_1"
"L1_AACGGGAGTGGACCAA-1","2","2_0"
"L1_AACTTCTTCTGCGAGC-1","2","2_0"
"L1_AAGAACAAGCGTCTGC-1","2","2_2"
"L1_AAGAACATCCCATGGG-1","2","2_0"
"L1_AAGATAGTCACTCTTA-1","2","2_2"
"L1_AAGCATCAGACCATGG-1","2","2_3"
"L1_AAGCCATCATTCACCC-1","2","2_2"
"L1_AAGCGAGCAAGGACAC-1","2","2_2"
"L1_AAGCGTTCAACCACAT-1","2","2_0"
"L1_AAGGAATGTGTGCTTA-1","2","2_0"
"L1_AAGGTAATCACGGACC-1","2","2_3"
"L1_AAGTCGTCAGTAGTTC-1","2","2_0"
"L1_AAGTGAAAGAAGCGCT-1","2","2_2"
"L1_AAGTGAAAGTTCACTG-1","2","2_1"
"L1_AATAGAGAGGGCAACT-1","2","2_0"
"L1_AATCACGCATGTGCCG-1","2","2_4"
"L1_AATTTCCGTTTCAGAC-1","2","2_4"
"L1_ACAAAGAGTGCGCTCA-1","2","2_2"
"L1_ACAACCACACCCTAAA-1","2","2_2"
"L1_ACACAGTAGAGTCGAC-1","2","2_1"
"L1_ACACGCGTCAATCAGC-1","2","2_0"
"L1_ACACTGAAGCCGTTGC-1","2","2_2"
"L1_ACAGAAACAGCTACTA-1","2","2_0"
"L1_ACAGGGACAGTAGTGG-1","2","2_0"
"L1_ACCAACAAGGACTATA-1","2","2_4"
"L1_ACCAACACACGGTCTG-1","2","2_0"
"L1_ACCATTTAGACGCCCT-1","2","2_2"
"L1_ACCCAAATCGACACTA-1","2","2_2"
"L1_ACCCTCAAGAGGCGTT-1","2","2_2"
"L1_ACCCTCATCAAGCTGT-1","2","2_1"
"L1_ACCCTCATCGACATAC-1","2","2_0"
"L1_ACCCTTGCAGCAGTAG-1","2","2_1"
"L1_ACGATGTCATAGCTGT-1","2","2_4"
"L1_ACGGGTCCACGTAGTT-1","2","2_0"
"L1_ACGGGTCTCTTCGATT-1","2","2_0"
"L1_ACGGTCGTCCGCGGAT-1","2","2_1"
"L1_ACGGTTAAGTCACACT-1","2","2_0"
"L1_ACGTCCTGTACCTTCC-1","2","2_2"
"L1_ACTATGGCAACTGAAA-1","2","2_2"
"L1_ACTATGGGTCGTCATA-1","2","2_0"
"L1_ACTCTCGAGATGGTAT-1","2","2_2"
"L1_ACTCTCGAGCATCGAG-1","2","2_2"
"L1_ACTGTCCCAAAGTATG-1","2","2_0"
"L1_AGAAATGTCATCTATC-1","2","2_1"
"L1_AGAAATGTCTGCTCTG-1","2","2_0"
"L1_AGAACCTCAGCTGTGC-1","2","2_2"
"L1_AGAACCTTCACTACGA-1","2","2_1"
"L1_AGAACCTTCCCAAGTA-1","2","2_2"
"L1_AGAAGTAAGAAGCCAC-1","2","2_0"
"L1_AGACACTAGACTCAAA-1","2","2_2"
"L1_AGACCATTCCATCAGA-1","2","2_2"
"L1_AGAGAATTCGAATCCA-1","2","2_2"
"L1_AGAGCAGGTCCACTCT-1","2","2_4"
"L1_AGAGCCCTCGAACCAT-1","2","2_0"
"L1_AGATAGACATTCAGGT-1","2","2_2"
"L1_AGATAGAGTACTAACC-1","2","2_0"
"L1_AGATCGTGTAATCAAG-1","2","2_1"
"L1_AGATGAATCATTTGTC-1","2","2_4"
"L1_AGATGCTAGTCGCCCA-1","2","2_1"
"L1_AGATGCTTCGAGATGG-1","2","2_0"
"L1_AGCATCACATTCTGTT-1","2","2_2"
"L1_AGCCAATGTTGGAGAC-1","2","2_2"
"L1_AGCCACGCATCCCGTT-1","2","2_0"
"L1_AGCGATTAGTCGAAGC-1","2","2_0"
"L1_AGCTACACAGAAATCA-1","2","2_4"
"L1_AGCTACACAGGTCAGA-1","2","2_0"
"L1_AGCTTCCCATGACAGG-1","2","2_2"
"L1_AGCTTCCTCACTTGTT-1","2","2_0"
"L1_AGGAATACATGACGAG-1","2","2_0"
"L1_AGGAATAGTAGATTGA-1","2","2_0"
"L1_AGGACGAGTTGTTGCA-1","2","2_4"
"L1_AGGACGATCAGCAATC-1","2","2_0"
"L1_AGGATAAAGGCTTAGG-1","2","2_4"
"L1_AGGATCTCACATCATG-1","2","2_3"
"L1_AGGCATTAGTCACTAC-1","2","2_1"
"L1_AGGCATTCAGCGGTCT-1","2","2_2"
"L1_AGGGCCTCAATCCTAG-1","2","2_2"
"L1_AGGGCCTTCCATCACC-1","2","2_2"
"L1_AGGGCTCGTGCGGATA-1","2","2_6"
"L1_AGGTCTAAGCGTCTCG-1","2","2_0"
"L1_AGGTCTACACGAAAGC-1","2","2_2"
"L1_AGGTTGTAGGACAGTC-1","2","2_1"
"L1_AGGTTGTCAGACACCC-1","2","2_5"
"L1_AGTACCAGTTGTCAGT-1","2","2_0"
"L1_AGTAGTCCACCGCTGA-1","2","2_4"
"L1_AGTCACATCGTTGTTT-1","2","2_0"
"L1_AGTGACTTCATGTCAG-1","2","2_0"
"L1_AGTGATCGTAGCTTTG-1","2","2_2"
"L1_AGTGCCGAGTTACGTC-1","2","2_2"
"L1_AGTGCCGGTCCTCCTA-1","2","2_2"
"L1_AGTGTTGAGTCGAATA-1","2","2_2"
"L1_AGTGTTGGTTGCAAGG-1","2","2_4"
"L1_AGTTCGATCGATTGGT-1","2","2_2"
"L1_ATACTTCCACGCGCTA-1","2","2_2"
"L1_ATACTTCGTAATCAAG-1","2","2_2"
"L1_ATCACAGCAACAAGTA-1","2","2_2"
"L1_ATCAGGTAGACAGCTG-1","2","2_2"
"L1_ATCATTCGTAACAGTA-1","2","2_0"
"L1_ATCATTCTCCGGACGT-1","2","2_2"
"L1_ATCATTCTCTTCTGGC-1","2","2_1"
"L1_ATCCACCGTACCAGAG-1","2","2_5"
"L1_ATCCCTGGTGTATTCG-1","2","2_0"
"L1_ATCGATGCATGGCTGC-1","2","2_2"
"L1_ATCGATGTCAAATGAG-1","2","2_2"
"L1_ATCGATGTCTGGTGGC-1","2","2_1"
"L1_ATCGGATAGAATCCCT-1","2","2_0"
"L1_ATCGGATAGATAGCAT-1","2","2_2"
"L1_ATCGGATCAACTGATC-1","2","2_4"
"L1_ATCGGCGGTGCATGAG-1","2","2_2"
"L1_ATCTTCACACCCTTAC-1","2","2_2"
"L1_ATGACCACACAGTCGC-1","2","2_2"
"L1_ATGACCATCTTACGTT-1","2","2_0"
"L1_ATGAGGGAGCTTTCTT-1","2","2_5"
"L1_ATGAGGGAGTTGAAGT-1","2","2_2"
"L1_ATGATCGTCACAAGGG-1","2","2_2"
"L1_ATGGAGGTCTAGTGAC-1","2","2_2"
"L1_ATGGATCCAGGTTCGC-1","2","2_0"
"L1_ATGGGTTCAGAGATGC-1","2","2_4"
"L1_ATGGGTTTCGTCTAAG-1","2","2_0"
"L1_ATGTCTTTCGCCTTTG-1","2","2_2"
"L1_ATTACCTAGCCTGCCA-1","2","2_2"
"L1_ATTCATCCACCCTAAA-1","2","2_0"
"L1_ATTCATCTCAGCAGAG-1","2","2_0"
"L1_ATTCGTTCAAGACAAT-1","2","2_2"
"L1_ATTGGGTTCCAATCTT-1","2","2_2"
"L1_ATTTACCGTCCGGTCA-1","2","2_4"
"L1_ATTTCTGGTATCGAGG-1","2","2_4"
"L1_CAAAGAACAACGTATC-1","2","2_1"
"L1_CAACAGTAGCCAGACA-1","2","2_0"
"L1_CAACCAACAACTTGCA-1","2","2_1"
"L1_CAACGGCGTTCGAAGG-1","2","2_4"
"L1_CAAGGGAAGAGCACTG-1","2","2_0"
"L1_CAATCGAGTCCGTACG-1","2","2_6"
"L1_CAATCGATCTTAGCCC-1","2","2_2"
"L1_CACCAAATCGGAGATG-1","2","2_4"
"L1_CACGAATGTAGTCTGT-1","2","2_2"
"L1_CACGAATTCAAGTAAG-1","2","2_2"
"L1_CACGGGTGTGTGACCC-1","2","2_2"
"L1_CACGGGTTCGAATCCA-1","2","2_4"
"L1_CACTAAGAGACTTCAC-1","2","2_2"
"L1_CACTGTCAGGTTCTTG-1","2","2_2"
"L1_CACTTCGCATACGCAT-1","2","2_1"
"L1_CAGATACAGTCCGCCA-1","2","2_2"
"L1_CAGCAATTCCGTATGA-1","2","2_0"
"L1_CAGCAGCAGGTGCCAA-1","2","2_0"
"L1_CAGCCAGGTCTAGGCC-1","2","2_4"
"L1_CAGCGTGTCCAGCACG-1","2","2_0"
"L1_CAGGCCAAGCGCCGTT-1","2","2_4"
"L1_CAGGCCATCAAAGCCT-1","2","2_5"
"L1_CAGGGCTTCCGGTAGC-1","2","2_0"
"L1_CAGGTATGTGTTGAGG-1","2","2_2"
"L1_CATACAGCAGCAGTAG-1","2","2_0"
"L1_CATACTTCAGTCCGTG-1","2","2_2"
"L1_CATAGACTCGCAACAT-1","2","2_0"
"L1_CATCCACCAAAGCTAA-1","2","2_2"
"L1_CATCCACCAATTGCTG-1","2","2_0"
"L1_CATCCCACAATATCCG-1","2","2_0"
"L1_CATCCGTAGCTGGCCT-1","2","2_6"
"L1_CATCCGTTCGTGGCTG-1","2","2_4"
"L1_CATGAGTAGATCACCT-1","2","2_0"
"L1_CATGAGTTCTCCATAT-1","2","2_0"
"L1_CATGCAAAGCGCCTAC-1","2","2_4"
"L1_CATGCGGGTACGTTCA-1","2","2_2"
"L1_CATGGATAGCACTCAT-1","2","2_0"
"L1_CATGGTATCGTCGCTT-1","2","2_0"
"L1_CATTCATCAAATGAGT-1","2","2_0"
"L1_CATTCATTCCAGCACG-1","2","2_0"
"L1_CATTCCGAGCCGAATG-1","2","2_2"
"L1_CATTCTAAGGATTTGA-1","2","2_2"
"L1_CATTGAGGTAGGCAAC-1","2","2_2"
"L1_CATTGAGTCCATCTGC-1","2","2_1"
"L1_CATTGTTCATGCAGGA-1","2","2_2"
"L1_CATTTCAGTAAGTTGA-1","2","2_4"
"L1_CATTTCAGTCTACACA-1","2","2_0"
"L1_CCAATGATCACCGCTT-1","2","2_2"
"L1_CCACACTCACAATGAA-1","2","2_4"
"L1_CCACGTTAGGAAGTGA-1","2","2_2"
"L1_CCACGTTCAACCGCCA-1","2","2_2"
"L1_CCATAAGCAATAAGGT-1","2","2_4"
"L1_CCATCACAGCAAGCCA-1","2","2_0"
"L1_CCATCACCAACTCATG-1","2","2_0"
"L1_CCCTAACAGCCGTAAG-1","2","2_0"
"L1_CCCTAACGTTGGTACT-1","2","2_0"
"L1_CCCTCTCGTAGCGATG-1","2","2_0"
"L1_CCCTGATCAAGTCATC-1","2","2_2"
"L1_CCCTGATTCCATCGTC-1","2","2_0"
"L1_CCCTTAGCAGCAGACA-1","2","2_1"
"L1_CCGATCTCACCACATA-1","2","2_0"
"L1_CCGGTAGGTCTGGTTA-1","2","2_2"
"L1_CCGGTGATCTCGGTAA-1","2","2_2"
"L1_CCGTAGGCATAATCCG-1","2","2_1"
"L1_CCGTTCATCATTGAGC-1","2","2_4"
"L1_CCTAACCAGTGACCTT-1","2","2_2"
"L1_CCTACGTGTCTTTCAT-1","2","2_2"
"L1_CCTCACATCCCTCTCC-1","2","2_2"
"L1_CCTCAGTAGGAACTCG-1","2","2_2"
"L1_CCTCAGTTCACGGGAA-1","2","2_2"
"L1_CCTGCATCATTGACAC-1","2","2_0"
"L1_CCTTCAGAGACGCCAA-1","2","2_2"
"L1_CCTTCAGCAGTCTGGC-1","2","2_2"
"L1_CGACAGCCAGACGCTC-1","2","2_1"
"L1_CGACAGCGTCCAGGTC-1","2","2_2"
"L1_CGACAGCGTCGATTTG-1","2","2_3"
"L1_CGAGAAGAGTAGTCTC-1","2","2_0"
"L1_CGAGTGCTCGCCCAGA-1","2","2_2"
"L1_CGATCGGTCCATTCAT-1","2","2_0"
"L1_CGATGCGAGCGCATCC-1","2","2_0"
"L1_CGATGGCAGCACCCAC-1","2","2_4"
"L1_CGCAGGTGTATACGGG-1","2","2_2"
"L1_CGCAGGTGTTTATGCG-1","2","2_2"
"L1_CGCATGGTCATACGGT-1","2","2_2"
"L1_CGCCAGAGTACTCGCG-1","2","2_2"
"L1_CGCCAGAGTCTAGGTT-1","2","2_4"
"L1_CGCCAGATCAAGCCGC-1","2","2_0"
"L1_CGGAACCAGCGTTACT-1","2","2_5"
"L1_CGGAACCCAGCGACCT-1","2","2_2"
"L1_CGGAATTCATCCGCGA-1","2","2_0"
"L1_CGGAATTGTAAGGAGA-1","2","2_2"
"L1_CGGACACAGCACCAGA-1","2","2_0"
"L1_CGGGACTCAATAGTCC-1","2","2_2"
"L1_CGGGCATAGCTCCATA-1","2","2_2"
"L1_CGGGTCAGTCAATGGG-1","2","2_1"
"L1_CGGGTGTTCCGACGGT-1","2","2_0"
"L1_CGGTCAGTCAGGACGA-1","2","2_0"
"L1_CGTAGTACAGGACTTT-1","2","2_1"
"L1_CGTCCATGTCACTCTC-1","2","2_0"
"L1_CGTGAATTCCATACAG-1","2","2_2"
"L1_CGTGCTTGTACACTCA-1","2","2_0"
"L1_CGTTAGATCGAGATAA-1","2","2_1"
"L1_CGTTCTGCAGTGCCTG-1","2","2_0"
"L1_CGTTCTGGTCAGATTC-1","2","2_2"
"L1_CTAACCCAGTAACGAT-1","2","2_2"
"L1_CTACGGGAGGCAATGC-1","2","2_0"
"L1_CTAGGTAAGGTCATCT-1","2","2_1"
"L1_CTATAGGCAACTCGTA-1","2","2_0"
"L1_CTATAGGGTCTCCCTA-1","2","2_2"
"L1_CTATCCGTCCAAGAGG-1","2","2_2"
"L1_CTCAACCAGGGCAATC-1","2","2_0"
"L1_CTCAACCGTCTCAAGT-1","2","2_0"
"L1_CTCAACCTCATAGGCT-1","2","2_0"
"L1_CTCAATTGTAGTCACT-1","2","2_2"
"L1_CTCAATTTCGACCCAG-1","2","2_1"
"L1_CTCCAACCACGTAGTT-1","2","2_4"
"L1_CTCCCAAGTACTTCCC-1","2","2_4"
"L1_CTCCTCCCAGATTAAG-1","2","2_2"
"L1_CTCTGGTTCGAAGTGG-1","2","2_2"
"L1_CTGAATGAGGATTTCC-1","2","2_4"
"L1_CTGAGCGGTTCCAAAC-1","2","2_0"
"L1_CTGATCCGTGTTACAC-1","2","2_2"
"L1_CTGCAGGTCACACCGG-1","2","2_0"
"L1_CTGCCATAGTCTCTGA-1","2","2_0"
"L1_CTGGCAGCACAGTCCG-1","2","2_1"
"L1_CTGGCAGTCCCATGGG-1","2","2_0"
"L1_CTGTACCAGCTTTGTG-1","2","2_2"
"L1_CTGTACCCATCCTTGC-1","2","2_2"
"L1_CTGTAGAAGACCTTTG-1","2","2_2"
"L1_CTGTAGAAGCAACTCT-1","2","2_2"
"L1_CTGTATTCATCACCAA-1","2","2_2"
"L1_CTGTGAAAGTTGCGCC-1","2","2_2"
"L1_CTGTGAACAAATTGGA-1","2","2_0"
"L1_CTGTGAACAATTGAGA-1","2","2_2"
"L1_CTTACCGGTCTTAGTG-1","2","2_0"
"L1_CTTCCGAGTTCCGCGA-1","2","2_4"
"L1_CTTCGGTAGGAACGCT-1","2","2_0"
"L1_CTTCTAACAAGATGGC-1","2","2_2"
"L1_CTTCTAACATCCTCAC-1","2","2_2"
"L1_GAAATGACAGTGGCTC-1","2","2_2"
"L1_GAACACTAGCACTAAA-1","2","2_2"
"L1_GAACACTGTCTGTGGC-1","2","2_0"
"L1_GAACGTTTCTGAACGT-1","2","2_2"
"L1_GAAGCCCTCATTACGG-1","2","2_2"
"L1_GAAGGGTCACGAAAGC-1","2","2_2"
"L1_GAATAGATCGGAATGG-1","2","2_0"
"L1_GACACGCGTAGCGTCC-1","2","2_2"
"L1_GACACGCTCCTACCGT-1","2","2_0"
"L1_GACATCAAGCAATAAC-1","2","2_0"
"L1_GACCCAGTCCTTGGAA-1","2","2_2"
"L1_GACCGTGTCGCTGTCT-1","2","2_2"
"L1_GACGCTGCAGAGAAAG-1","2","2_2"
"L1_GACGCTGTCTTAGCCC-1","2","2_2"
"L1_GACTATGAGGCTCTAT-1","2","2_0"
"L1_GACTATGCACATTCGA-1","2","2_0"
"L1_GACTATGGTATCACCA-1","2","2_2"
"L1_GACTGATAGAGCCCAA-1","2","2_2"
"L1_GACTTCCCACGTTGGC-1","2","2_2"
"L1_GAGAAATTCAGAATAG-1","2","2_0"
"L1_GAGACTTGTTGCTAGT-1","2","2_0"
"L1_GAGATGGGTGGGATTG-1","2","2_2"
"L1_GAGATGGTCGCCTCTA-1","2","2_0"
"L1_GAGATGGTCGTGCTCT-1","2","2_2"
"L1_GAGCCTGGTCCAGCCA-1","2","2_2"
"L1_GAGCTGCAGGCTAGCA-1","2","2_0"
"L1_GAGGCAAGTCACTACA-1","2","2_2"
"L1_GAGGCCTCATCGATAC-1","2","2_0"
"L1_GAGGGATCAGTCGGTC-1","2","2_0"
"L1_GAGTTACGTATGCGGA-1","2","2_0"
"L1_GAGTTACGTTACAGCT-1","2","2_0"
"L1_GAGTTTGGTCATAAAG-1","2","2_2"
"L1_GATAGAATCGCCAACG-1","2","2_0"
"L1_GATCATGGTTGGTACT-1","2","2_2"
"L1_GATGACTAGCTTGTGT-1","2","2_2"
"L1_GATGAGGAGAGTGACC-1","2","2_0"
"L1_GATGAGGCAGATTTCG-1","2","2_0"
"L1_GATGAGGCAGTTTCAG-1","2","2_0"
"L1_GATGATCAGCGTGTCC-1","2","2_2"
"L1_GATGCTATCCGAGAAG-1","2","2_0"
"L1_GATTCGAGTGTACGCC-1","2","2_1"
"L1_GCACATAAGATACTGA-1","2","2_0"
"L1_GCACGGTGTTGCCTAA-1","2","2_0"
"L1_GCAGCCACAAGATGGC-1","2","2_4"
"L1_GCAGCCACACGTAGTT-1","2","2_1"
"L1_GCAGCCAGTGCCTATA-1","2","2_4"
"L1_GCAGGCTAGTTGTCGT-1","2","2_0"
"L1_GCAGGCTCACAGTACT-1","2","2_0"
"L1_GCAGGCTTCACGAACT-1","2","2_2"
"L1_GCAGTTAGTGGCATCC-1","2","2_6"
"L1_GCATTAGCAGACCTGC-1","2","2_0"
"L1_GCATTAGGTTTAGACC-1","2","2_5"
"L1_GCCAACGTCTTACCGC-1","2","2_0"
"L1_GCCAGCACAAAGGCTG-1","2","2_5"
"L1_GCCAGGTCAAGTCCCG-1","2","2_1"
"L1_GCCGATGAGAAATGGG-1","2","2_0"
"L1_GCCGTGAAGTGGTTCT-1","2","2_0"
"L1_GCCGTGACAAGACGAC-1","2","2_0"
"L1_GCGATCGAGCGAACTG-1","2","2_2"
"L1_GCGGAAATCACGGAGA-1","2","2_0"
"L1_GCTACAACAAACAGGC-1","2","2_4"
"L1_GCTACAATCTGCTTAT-1","2","2_2"
"L1_GCTCAAACAGAGATGC-1","2","2_4"
"L1_GCTGCAGGTTTACTTC-1","2","2_2"
"L1_GCTTCACCATCGGAGA-1","2","2_2"
"L1_GGAACCCGTCGCCACA-1","2","2_0"
"L1_GGAATCTCAGCTTCCT-1","2","2_2"
"L1_GGAATCTGTTGCAAGG-1","2","2_5"
"L1_GGACGTCAGATTCGCT-1","2","2_2"
"L1_GGACGTCGTTAAAGTG-1","2","2_2"
"L1_GGAGGTAAGCTCCGAC-1","2","2_3"
"L1_GGAGGTATCGACCCAG-1","2","2_2"
"L1_GGATCTAAGACAGCTG-1","2","2_4"
"L1_GGATGTTGTTTCCAAG-1","2","2_2"
"L1_GGCAGTCAGGTTCTTG-1","2","2_4"
"L1_GGCAGTCTCCCATAGA-1","2","2_2"
"L1_GGCTTGGCACTAGGCC-1","2","2_1"
"L1_GGGACAATCCACGGAC-1","2","2_4"
"L1_GGGAGTATCTCTGGTC-1","2","2_4"
"L1_GGGATCCTCAGTGTGT-1","2","2_4"
"L1_GGGATCCTCATTTGCT-1","2","2_5"
"L1_GGGATGATCCTTATGT-1","2","2_2"
"L1_GGGCTACGTTAGGGTG-1","2","2_2"
"L1_GGGTATTCAGGGACTA-1","2","2_0"
"L1_GGGTATTGTGCGACAA-1","2","2_2"
"L1_GGGTATTTCACGTCCT-1","2","2_2"
"L1_GGGTCACAGTAAGGGA-1","2","2_0"
"L1_GGGTCACTCATGCGGC-1","2","2_0"
"L1_GGGTCTGGTATTTCCT-1","2","2_1"
"L1_GGGTCTGTCGTCGCTT-1","2","2_1"
"L1_GGGTCTGTCTACAGGT-1","2","2_2"
"L1_GGTAATCCAGTTGTCA-1","2","2_4"
"L1_GGTCACGCAGGTGTGA-1","2","2_2"
"L1_GGTGATTTCTGGCTGG-1","2","2_0"
"L1_GGTTAACCAGGGCTTC-1","2","2_2"
"L1_GGTTAACGTAGCGTAG-1","2","2_0"
"L1_GTAACCAGTCAAGGCA-1","2","2_4"
"L1_GTAAGTCCAACCTATG-1","2","2_0"
"L1_GTAAGTCCAGCGTACC-1","2","2_1"
"L1_GTACAGTAGTAAACAC-1","2","2_2"
"L1_GTACAGTGTCACCTTC-1","2","2_0"
"L1_GTAGGAGAGCATAGGC-1","2","2_6"
"L1_GTAGGAGAGGGCGAGA-1","2","2_0"
"L1_GTAGGAGCACCATATG-1","2","2_2"
"L1_GTAGGTTTCCGCAGTG-1","2","2_4"
"L1_GTATTGGAGGTCGAGT-1","2","2_2"
"L1_GTATTGGGTATGTGTC-1","2","2_0"
"L1_GTCAAACCATTGCAAC-1","2","2_2"
"L1_GTCAAACTCCGCAACG-1","2","2_2"
"L1_GTCAAGTAGATAACAC-1","2","2_2"
"L1_GTCACGGCACCGTGCA-1","2","2_0"
"L1_GTCAGCGCACCATTCC-1","2","2_0"
"L1_GTCATGAGTCATTGCA-1","2","2_0"
"L1_GTCCTCAAGTCTGCAT-1","2","2_1"
"L1_GTCCTCATCCATGATG-1","2","2_2"
"L1_GTCGTAACAAGAGGCT-1","2","2_0"
"L1_GTCTACCGTCCAACGC-1","2","2_2"
"L1_GTCTCACCACCTCTAC-1","2","2_0"
"L1_GTGATGTGTTCGTGCG-1","2","2_2"
"L1_GTGCGTGCAAGTGATA-1","2","2_0"
"L1_GTGCTTCCAAAGGCAC-1","2","2_4"
"L1_GTGGAAGCATCAGCGC-1","2","2_0"
"L1_GTGGCGTAGTCTTCGA-1","2","2_2"
"L1_GTGTCCTCAATCTAGC-1","2","2_2"
"L1_GTGTCCTGTGGACCAA-1","2","2_2"
"L1_GTGTGATCAATAGTGA-1","2","2_0"
"L1_GTGTGGCCAAGCGCAA-1","2","2_0"
"L1_GTTACAGAGAAACCAT-1","2","2_4"
"L1_GTTACAGTCGTTCTAT-1","2","2_5"
"L1_GTTACCCGTACTCAAC-1","2","2_0"
"L1_GTTATGGAGGCTAAAT-1","2","2_6"
"L1_GTTGAACAGACATAGT-1","2","2_4"
"L1_GTTGCTCTCTGATTCT-1","2","2_4"
"L1_GTTGTCCGTGATTAGA-1","2","2_0"
"L1_TAACACGCATGAGGGT-1","2","2_0"
"L1_TAACACGCATTGTAGC-1","2","2_0"
"L1_TAACGACAGGTCCGAA-1","2","2_2"
"L1_TAACGACTCGGCAGTC-1","2","2_2"
"L1_TAACGACTCTAGTACG-1","2","2_0"
"L1_TAACTTCGTTTACGTG-1","2","2_0"
"L1_TAACTTCTCATGCCGG-1","2","2_0"
"L1_TAAGCACTCAACCTCC-1","2","2_0"
"L1_TAAGCCATCTTCCCGA-1","2","2_0"
"L1_TAATCTCCAATTGTGC-1","2","2_6"
"L1_TAATTCCCAGACACAG-1","2","2_2"
"L1_TACAACGAGCTAGTTC-1","2","2_0"
"L1_TACCCACAGCTACTGT-1","2","2_4"
"L1_TACCCACTCGGTCTAA-1","2","2_0"
"L1_TACCGAACAAGTGACG-1","2","2_4"
"L1_TACGCTCTCTCTCTAA-1","2","2_0"
"L1_TACGTCCGTAGGAAAG-1","2","2_2"
"L1_TACTTACGTTATCCAG-1","2","2_2"
"L1_TACTTACTCTACCAGA-1","2","2_0"
"L1_TAGATCGAGCACCAGA-1","2","2_0"
"L1_TAGGGTTTCGTTCGCT-1","2","2_2"
"L1_TATATCCAGGTCGAGT-1","2","2_3"
"L1_TATCAGGGTCTTGCGG-1","2","2_0"
"L1_TATGTTCAGCACCAGA-1","2","2_1"
"L1_TATGTTCCAACGGGTA-1","2","2_2"
"L1_TATGTTCGTACGTGAG-1","2","2_2"
"L1_TATTGCTAGCGATGAC-1","2","2_4"
"L1_TATTGCTGTCTGTGGC-1","2","2_0"
"L1_TATTGGGGTGATTCAC-1","2","2_0"
"L1_TATTTCGAGACATCAA-1","2","2_1"
"L1_TCAAGACTCACCATCC-1","2","2_2"
"L1_TCAAGACTCGCTAGCG-1","2","2_0"
"L1_TCAAGCACAGGCTCTG-1","2","2_0"
"L1_TCAAGTGAGGCATCGA-1","2","2_2"
"L1_TCAAGTGCACGACGCT-1","2","2_2"
"L1_TCAAGTGTCGCAGATT-1","2","2_0"
"L1_TCACAAGGTCTACGAT-1","2","2_2"
"L1_TCACGGGGTTGCATAC-1","2","2_0"
"L1_TCACTATAGTATGAAC-1","2","2_1"
"L1_TCACTCGTCTGCTAGA-1","2","2_0"
"L1_TCAGGGCGTAATGCGG-1","2","2_0"
"L1_TCAGGTACAACGTAAA-1","2","2_0"
"L1_TCAGGTATCTTCACAT-1","2","2_2"
"L1_TCAGTTTCACGGGCTT-1","2","2_0"
"L1_TCAGTTTGTAGCGCTC-1","2","2_2"
"L1_TCATATCCACTGCGAC-1","2","2_2"
"L1_TCATATCGTTGCAACT-1","2","2_4"
"L1_TCATCATTCAACTGGT-1","2","2_0"
"L1_TCATCATTCCCTCTTT-1","2","2_2"
"L1_TCATGAGTCATTACCT-1","2","2_1"
"L1_TCATGAGTCCATTTGT-1","2","2_2"
"L1_TCATGCCAGCATCAGG-1","2","2_0"
"L1_TCATGCCTCTGGCCAG-1","2","2_5"
"L1_TCATGTTTCCACGTCT-1","2","2_0"
"L1_TCATTGTCATCAGCTA-1","2","2_2"
"L1_TCCACCATCTGCGATA-1","2","2_2"
"L1_TCCACGTCAAACTCGT-1","2","2_2"
"L1_TCCCATGTCGTTAGTG-1","2","2_0"
"L1_TCCGAAACATATCTCT-1","2","2_2"
"L1_TCCGAAATCTACCAGA-1","2","2_2"
"L1_TCCGGGAAGCATATGA-1","2","2_0"
"L1_TCCTAATCAGTTTCAG-1","2","2_2"
"L1_TCCTCTTTCGCTACGG-1","2","2_2"
"L1_TCCTTCTGTGGCAGAT-1","2","2_2"
"L1_TCGAAGTAGCGACAGT-1","2","2_0"
"L1_TCGGATACACAATGAA-1","2","2_2"
"L1_TCGGGCAAGCCTGCCA-1","2","2_0"
"L1_TCGGGCACACCCTATC-1","2","2_2"
"L1_TCGTGCTTCATTGGTG-1","2","2_0"
"L1_TCGTGCTTCCTATGGA-1","2","2_2"
"L1_TCTATACTCTATCGCC-1","2","2_1"
"L1_TCTCACGCACTGCTTC-1","2","2_0"
"L1_TCTCACGGTGACTAAA-1","2","2_1"
"L1_TCTCCGACATGACTGT-1","2","2_0"
"L1_TCTCCGATCCTGTACC-1","2","2_2"
"L1_TCTGGCTCATCGTGCG-1","2","2_0"
"L1_TGAACGTTCTTCCTAA-1","2","2_2"
"L1_TGACGCGGTAGTATAG-1","2","2_0"
"L1_TGAGGGAAGCAAACAT-1","2","2_0"
"L1_TGAGGGAAGCTCTATG-1","2","2_0"
"L1_TGAGGGAGTCTCCCTA-1","2","2_0"
"L1_TGATCAGTCGATACTG-1","2","2_0"
"L1_TGATCTTAGCAATTCC-1","2","2_0"
"L1_TGATCTTAGGTAATCA-1","2","2_0"
"L1_TGATCTTCATCCTATT-1","2","2_6"
"L1_TGATGCATCTCGACCT-1","2","2_1"
"L1_TGATTCTGTGGCTTGC-1","2","2_2"
"L1_TGATTTCAGCGTATGG-1","2","2_5"
"L1_TGCACGGTCCTTATCA-1","2","2_2"
"L1_TGCAGTACAGGATCTT-1","2","2_2"
"L1_TGCATCCTCTTCCAGC-1","2","2_2"
"L1_TGCCGAGAGCCATGCC-1","2","2_2"
"L1_TGCGACGCAGCACACC-1","2","2_2"
"L1_TGCGGGTAGGAAACGA-1","2","2_2"
"L1_TGCTCCAGTTCGGTTA-1","2","2_0"
"L1_TGCTCCATCGGCCCAA-1","2","2_2"
"L1_TGCTTGCAGTTGTAAG-1","2","2_2"
"L1_TGGAACTAGTATGAGT-1","2","2_0"
"L1_TGGAGAGAGTATTCCG-1","2","2_0"
"L1_TGGAGAGCACAGTACT-1","2","2_2"
"L1_TGGAGAGCACCGCTAG-1","2","2_0"
"L1_TGGAGGAGTCCTTAAG-1","2","2_0"
"L1_TGGGAAGTCCCAGTGG-1","2","2_4"
"L1_TGGGAGAGTGCGTCGT-1","2","2_0"
"L1_TGGGTTAAGCATGAAT-1","2","2_2"
"L1_TGGTACACATCCTAAG-1","2","2_5"
"L1_TGGTGATTCGTGTGAT-1","2","2_2"
"L1_TGTAACGAGTATTAGG-1","2","2_0"
"L1_TGTACAGCATTGAGGG-1","2","2_2"
"L1_TGTAGACTCAATCTTC-1","2","2_2"
"L1_TGTCCACAGAAGCTGC-1","2","2_5"
"L1_TGTCCTGAGGGATCGT-1","2","2_2"
"L1_TGTCCTGGTCACCGAC-1","2","2_0"
"L1_TGTGATGCACTGTGAT-1","2","2_0"
"L1_TGTGATGGTGGTATGG-1","2","2_6"
"L1_TGTGGCGCACAAATGA-1","2","2_0"
"L1_TGTGGCGTCGGACAAG-1","2","2_0"
"L1_TGTTACTAGAGGACTC-1","2","2_1"
"L1_TGTTCATCAACGGTAG-1","2","2_2"
"L1_TGTTCATGTCAATCTG-1","2","2_2"
"L1_TGTTCCGGTTCTCGTC-1","2","2_0"
"L1_TGTTGGAGTAGGAGTC-1","2","2_0"
"L1_TGTTTGTTCAATCAGC-1","2","2_2"
"L1_TTACAGGTCACGATAC-1","2","2_1"
"L1_TTACCGCAGAGGGTAA-1","2","2_0"
"L1_TTACGCCGTTGCACGC-1","2","2_2"
"L1_TTAGGCAAGAAATTCG-1","2","2_2"
"L1_TTAGGCACAATAAGGT-1","2","2_1"
"L1_TTAGGGTGTAGGTTTC-1","2","2_5"
"L1_TTAGTCTGTGTTCAGT-1","2","2_2"
"L1_TTCAATCAGTCTGGTT-1","2","2_2"
"L1_TTCATTGCACGGAAGT-1","2","2_0"
"L1_TTCCAATAGGTAGTAT-1","2","2_0"
"L1_TTCCACGTCGGCCAAC-1","2","2_4"
"L1_TTCCGGTAGTGCCTCG-1","2","2_0"
"L1_TTCCTAAGTTGCTGAT-1","2","2_0"
"L1_TTCGCTGCAACACTAC-1","2","2_5"
"L1_TTCTGTAAGATAACAC-1","2","2_1"
"L1_TTCTGTAAGCTGGCTC-1","2","2_4"
"L1_TTCTTGAAGGCTTTCA-1","2","2_0"
"L1_TTCTTGAGTAGAAACT-1","2","2_0"
"L1_TTCTTGATCCGATCGG-1","2","2_2"
"L1_TTGAACGGTATCGCGC-1","2","2_2"
"L1_TTGAACGGTGCGGCTT-1","2","2_4"
"L1_TTGAACGTCCGGTAGC-1","2","2_0"
"L1_TTGATGGGTTATCTGG-1","2","2_0"
"L1_TTGCGTCCAACGATCT-1","2","2_4"
"L1_TTGCGTCGTGAGGATC-1","2","2_2"
"L1_TTGGGATAGGAGACCT-1","2","2_0"
"L1_TTGGTTTGTTCTCCAC-1","2","2_0"
"L1_TTGTGGATCCCGAGGT-1","2","2_0"
"L1_TTGTTTGAGCATGATA-1","2","2_2"
"L1_TTTACCATCGTTAGAC-1","2","2_5"
"L1_TTTATGCGTAGCTGTT-1","2","2_2"
"L1_TTTATGCTCAAATGCC-1","2","2_1"
"L1_TTTGGAGTCGGTATGT-1","2","2_2"
"L1_TTTGGTTCAAACACCT-1","2","2_2"
"L1_TTTGTTGGTTCCTTGC-1","2","2_0"
"L2_AAACGCTCAAATGGCG-1","2","2_4"
"L2_AAACGCTTCTCGAGTA-1","2","2_2"
"L2_AAAGGATGTCAAATCC-1","2","2_0"
"L2_AAAGGATGTCGTACTA-1","2","2_6"
"L2_AAAGGTACACTATCCC-1","2","2_6"
"L2_AAAGGTATCGTGGCTG-1","2","2_6"
"L2_AAAGTGATCCACACCT-1","2","2_8"
"L2_AACCCAAAGACTCGAG-1","2","2_2"
"L2_AACCCAATCGACCCAG-1","2","2_8"
"L2_AACTTCTTCAGTGCGC-1","2","2_0"
"L2_AAGAACATCCATTTCA-1","2","2_0"
"L2_AAGACTCAGAGTGACC-1","2","2_0"
"L2_AAGACTCCAAGCCTGC-1","2","2_8"
"L2_AAGACTCTCTCAGTCC-1","2","2_6"
"L2_AAGATAGAGCAACTTC-1","2","2_4"
"L2_AATCACGGTACTCAAC-1","2","2_4"
"L2_AATCGACGTGCTGTCG-1","2","2_1"
"L2_AATGAAGAGGGAGGAC-1","2","2_4"
"L2_AATTTCCAGGTAAACT-1","2","2_6"
"L2_ACACAGTAGGGTCACA-1","2","2_4"
"L2_ACAGGGATCTAAGCCA-1","2","2_6"
"L2_ACATGCACAATACCCA-1","2","2_6"
"L2_ACCAAACTCTGCCCTA-1","2","2_5"
"L2_ACCAACAGTCAGGCAA-1","2","2_2"
"L2_ACCACAATCTGGGCAC-1","2","2_4"
"L2_ACCGTTCAGAAGTGTT-1","2","2_6"
"L2_ACCGTTCCAACCGTAT-1","2","2_6"
"L2_ACCTACCAGGGTTGCA-1","2","2_2"
"L2_ACCTGAAAGCCGATTT-1","2","2_2"
"L2_ACCTGTCAGAGCCGAT-1","2","2_4"
"L2_ACGCACGGTGAGGATC-1","2","2_2"
"L2_ACGCACGTCATCTATC-1","2","2_0"
"L2_ACGTAGTCACCTAAAC-1","2","2_4"
"L2_ACTATCTAGTCGGCAA-1","2","2_6"
"L2_ACTCCCAGTATCAGGG-1","2","2_0"
"L2_ACTCTCGAGTTAGTGA-1","2","2_2"
"L2_ACTGTGAAGTGTCATC-1","2","2_6"
"L2_ACTTTGTCAACGAGGT-1","2","2_5"
"L2_AGACACTCAAGAGTGC-1","2","2_6"
"L2_AGACCCGGTTCGTTCC-1","2","2_2"
"L2_AGAGAATTCCCGAGTG-1","2","2_6"
"L2_AGAGAGCTCATGCAGT-1","2","2_6"
"L2_AGATCCAAGTCTCTGA-1","2","2_6"
"L2_AGATCCACAACTTGGT-1","2","2_2"
"L2_AGATGAAGTATAGGAT-1","2","2_3"
"L2_AGATGAATCGGCCCAA-1","2","2_6"
"L2_AGCGCTGGTCTTTATC-1","2","2_2"
"L2_AGGAATAAGGGTACGT-1","2","2_0"
"L2_AGGACGACATTGGCAT-1","2","2_0"
"L2_AGGATAAGTGATTGGG-1","2","2_0"
"L2_AGGTTGTAGGCACGAT-1","2","2_6"
"L2_AGGTTGTGTGGTCCCA-1","2","2_0"
"L2_AGGTTGTGTTGGATCT-1","2","2_0"
"L2_AGTACCACATCCTCAC-1","2","2_4"
"L2_AGTACCATCTGTGCAA-1","2","2_2"
"L2_AGTAGCTGTCAACACT-1","2","2_4"
"L2_AGTAGTCTCCTGCCAT-1","2","2_0"
"L2_AGTCATGCAATAAGGT-1","2","2_5"
"L2_AGTCATGCACATGTTG-1","2","2_6"
"L2_AGTCTCCAGCTGGCTC-1","2","2_0"
"L2_AGTGACTAGAGAGGTA-1","2","2_6"
"L2_AGTGACTGTGATACAA-1","2","2_2"
"L2_AGTGACTGTTTACCTT-1","2","2_4"
"L2_AGTGATCCAGCTGTCG-1","2","2_2"
"L2_AGTGCCGTCTCATTTG-1","2","2_8"
"L2_AGTTCCCTCTATCACT-1","2","2_2"
"L2_ATACTTCGTTGCAACT-1","2","2_8"
"L2_ATAGAGAGTTAGGCCC-1","2","2_6"
"L2_ATAGGCTGTGACCGAA-1","2","2_2"
"L2_ATATCCTGTTGGAGAC-1","2","2_0"
"L2_ATCACGACAACCAATC-1","2","2_2"
"L2_ATCCACCCAAGCTCTA-1","2","2_0"
"L2_ATCCACCTCTGAGTCA-1","2","2_2"
"L2_ATCCGTCGTATGAGGC-1","2","2_8"
"L2_ATCCTATTCCACACCT-1","2","2_2"
"L2_ATCGATGAGTAGATCA-1","2","2_0"
"L2_ATCGTCCTCCGAGATT-1","2","2_6"
"L2_ATCTTCATCAGGTGTT-1","2","2_6"
"L2_ATGACCACAATGAACA-1","2","2_6"
"L2_ATGCCTCTCCGGCTTT-1","2","2_3"
"L2_ATGGGAGTCATCTGTT-1","2","2_6"
"L2_ATGTCCCGTCGTCTCT-1","2","2_6"
"L2_ATGTCTTAGCATGCGA-1","2","2_2"
"L2_ATTACCTCATTGCCTC-1","2","2_4"
"L2_ATTATCCCAAGTTGGG-1","2","2_6"
"L2_ATTCGTTCAGGAGACT-1","2","2_4"
"L2_ATTCTACAGAAACCCG-1","2","2_6"
"L2_ATTGTTCGTAGGAAAG-1","2","2_4"
"L2_ATTTCACGTGTAGTGG-1","2","2_0"
"L2_CAAAGAAGTCAAATCC-1","2","2_8"
"L2_CAAAGAAGTGAGTTTC-1","2","2_4"
"L2_CAACAACAGATTCGAA-1","2","2_2"
"L2_CAACAGTAGAGCAGCT-1","2","2_2"
"L2_CAACGATCAACGACAG-1","2","2_0"
"L2_CAAGCTAGTCTGTCAA-1","2","2_2"
"L2_CAATACGGTTATGTGC-1","2","2_6"
"L2_CAATCGAAGAGAGCAA-1","2","2_6"
"L2_CACAACATCAGTGCGC-1","2","2_6"
"L2_CACATGAGTCAATGGG-1","2","2_5"
"L2_CACCGTTCAGACACCC-1","2","2_0"
"L2_CACGTGGGTGTGTCCG-1","2","2_4"
"L2_CACGTTCTCCATGATG-1","2","2_6"
"L2_CACTAAGAGAAGGTAG-1","2","2_0"
"L2_CACTTCGGTTGCATCA-1","2","2_6"
"L2_CAGAGCCTCGTCTCAC-1","2","2_0"
"L2_CAGCACGTCGATACAC-1","2","2_6"
"L2_CAGCACGTCTCCTACG-1","2","2_4"
"L2_CAGGCCATCTTGTTAC-1","2","2_0"
"L2_CAGTTAGCAGATCCAT-1","2","2_6"
"L2_CATAAGCAGCTTGTGT-1","2","2_8"
"L2_CATCGTCCATATGGCT-1","2","2_6"
"L2_CATCGTCTCTTGGATG-1","2","2_2"
"L2_CATGCCTTCGTTCCTG-1","2","2_8"
"L2_CATGCGGCAGGAATAT-1","2","2_6"
"L2_CATGGATCACACGTGC-1","2","2_6"
"L2_CATTCATGTGTATTGC-1","2","2_0"
"L2_CATTCCGAGCTCGTGC-1","2","2_8"
"L2_CATTCTATCCGGCAAC-1","2","2_2"
"L2_CATTGAGAGTGTACAA-1","2","2_0"
"L2_CATTGAGGTGTTATCG-1","2","2_6"
"L2_CATTGCCAGTAGGTTA-1","2","2_4"
"L2_CATTTCATCCGATAGT-1","2","2_4"
"L2_CCACACTTCGCTAATG-1","2","2_4"
"L2_CCACTTGTCTAAGGAA-1","2","2_6"
"L2_CCATAAGAGGAAGAAC-1","2","2_2"
"L2_CCCGGAAGTAGGACTG-1","2","2_0"
"L2_CCCTAACAGCCGGAAT-1","2","2_0"
"L2_CCCTAACGTATCGGTT-1","2","2_4"
"L2_CCGATGGTCACAATGC-1","2","2_6"
"L2_CCGCAAGTCTGAATCG-1","2","2_8"
"L2_CCGGGTATCGCTACGG-1","2","2_4"
"L2_CCGGTAGTCATCTACT-1","2","2_6"
"L2_CCGTGAGCAACTGATC-1","2","2_0"
"L2_CCGTTCATCGCTTACC-1","2","2_4"
"L2_CCTAACCAGCGAACTG-1","2","2_6"
"L2_CCTCAGTGTTGTACGT-1","2","2_4"
"L2_CCTCTCCGTCGTACAT-1","2","2_2"
"L2_CCTTCAGAGACGAGCT-1","2","2_6"
"L2_CCTTGTGAGAGTCAGC-1","2","2_4"
"L2_CGATGGCTCGTGGCTG-1","2","2_0"
"L2_CGATGGCTCTCAACCC-1","2","2_0"
"L2_CGGCAGTTCCAGGACC-1","2","2_2"
"L2_CGGTCAGTCGACATAC-1","2","2_2"
"L2_CGTGAATAGGTTAGTA-1","2","2_8"
"L2_CGTGATATCGCTGATA-1","2","2_0"
"L2_CGTTAGACAAACGGCA-1","2","2_6"
"L2_CGTTCTGTCTGGAGAG-1","2","2_0"
"L2_CTACAGAAGGATGCGT-1","2","2_4"
"L2_CTAGACACAGCTCCTT-1","2","2_2"
"L2_CTATAGGAGACCCTTA-1","2","2_2"
"L2_CTATCTAGTTCTCGCT-1","2","2_0"
"L2_CTCAACCCAGGTTCAT-1","2","2_6"
"L2_CTCACTGGTATTGACC-1","2","2_2"
"L2_CTCAGTCCATCATCTT-1","2","2_6"
"L2_CTCAGTCTCAAGAGGC-1","2","2_2"
"L2_CTCCGATCAATAGTGA-1","2","2_4"
"L2_CTCCTCCTCTACTATC-1","2","2_6"
"L2_CTCCTTTGTCGCGTCA-1","2","2_6"
"L2_CTCGAGGCATTCAGGT-1","2","2_6"
"L2_CTCTCAGCAAGCGGAT-1","2","2_6"
"L2_CTCTCGACAGACAAAT-1","2","2_6"
"L2_CTGAATGCATATACCG-1","2","2_6"
"L2_CTGCAGGAGCACCCAC-1","2","2_0"
"L2_CTGCAGGCAGACCAAG-1","2","2_6"
"L2_CTGCCATGTAACGATA-1","2","2_6"
"L2_CTGCGAGGTCATGCAT-1","2","2_0"
"L2_CTGTACCGTTCCATTT-1","2","2_6"
"L2_CTGTCGTAGCAGTAAT-1","2","2_6"
"L2_CTGTGAACACCAGCCA-1","2","2_2"
"L2_CTGTGGGGTTGGGATG-1","2","2_6"
"L2_CTTCAATCACAAATGA-1","2","2_4"
"L2_CTTGAGATCTGTTGGA-1","2","2_4"
"L2_CTTTCGGCAGCATGCC-1","2","2_0"
"L2_GAAATGACACTCCGAG-1","2","2_6"
"L2_GAAGAATAGTTAACAG-1","2","2_6"
"L2_GAAGCGACAATCCTTT-1","2","2_2"
"L2_GAAGCGATCCTCATAT-1","2","2_4"
"L2_GAAGTAATCATGCATG-1","2","2_0"
"L2_GAATCGTGTGCCTGCA-1","2","2_6"
"L2_GAATCGTGTGGTCCGT-1","2","2_4"
"L2_GACCAATTCGGCATAT-1","2","2_0"
"L2_GACCCTTTCTATGTGG-1","2","2_0"
"L2_GACCCTTTCTTCCTAA-1","2","2_2"
"L2_GACCGTGTCAAGTTGC-1","2","2_6"
"L2_GACTCTCCACCCTGAG-1","2","2_6"
"L2_GACTGATTCGACATCA-1","2","2_6"
"L2_GAGACCCCAATTGCCA-1","2","2_2"
"L2_GAGACTTCACAGCTGC-1","2","2_6"
"L2_GAGGCCTAGGCAATGC-1","2","2_6"
"L2_GAGGCCTAGTGCTACT-1","2","2_8"
"L2_GAGGCCTCAGCAGAAC-1","2","2_5"
"L2_GAGGGATTCGATACTG-1","2","2_6"
"L2_GAGGGTACACTCCACT-1","2","2_0"
"L2_GAGTTGTAGACGAAGA-1","2","2_0"
"L2_GAGTTTGAGGCTCCCA-1","2","2_6"
"L2_GAGTTTGCACTTGACA-1","2","2_2"
"L2_GATTGGTAGGCTAAAT-1","2","2_0"
"L2_GATTGGTCACAGCCAC-1","2","2_6"
"L2_GCAACATAGAGCTGAC-1","2","2_6"
"L2_GCACGGTAGAGTCCGA-1","2","2_6"
"L2_GCAGCTGAGTTTCGGT-1","2","2_6"
"L2_GCAGTTACACATGACT-1","2","2_6"
"L2_GCCAGGTGTCTTCATT-1","2","2_6"
"L2_GCGATCGAGGAATTAC-1","2","2_2"
"L2_GCGGATCGTAATTGGA-1","2","2_2"
"L2_GCGGATCGTTCAGGTT-1","2","2_6"
"L2_GCGTGCACATATGGCT-1","2","2_0"
"L2_GCGTGCAGTAGCGTAG-1","2","2_6"
"L2_GCTGCAGAGTCTACCA-1","2","2_2"
"L2_GCTTTCGCAGGCTATT-1","2","2_6"
"L2_GGAATGGAGAGCAGAA-1","2","2_4"
"L2_GGAATGGAGGCGCTTC-1","2","2_0"
"L2_GGAATGGTCCGCATAA-1","2","2_2"
"L2_GGAGCAAAGAAACCCG-1","2","2_4"
"L2_GGATCTAAGGTTCCAT-1","2","2_2"
"L2_GGCAGTCAGATGGCGT-1","2","2_0"
"L2_GGCGTCAAGACCGTTT-1","2","2_4"
"L2_GGCGTCAGTTGGGTAG-1","2","2_0"
"L2_GGCTGTGAGTCAGCGA-1","2","2_6"
"L2_GGCTGTGCATGTGACT-1","2","2_5"
"L2_GGCTTTCTCCCTCATG-1","2","2_6"
"L2_GGGAGTACAACCACAT-1","2","2_0"
"L2_GGGCGTTCACGGCCAT-1","2","2_0"
"L2_GGGCTCAGTATGTCTG-1","2","2_6"
"L2_GGGTAGAAGATCACTC-1","2","2_5"
"L2_GGGTATTTCCCTGTTG-1","2","2_2"
"L2_GGTCACGGTGGCTTGC-1","2","2_6"
"L2_GGTGAAGCAATTCTTC-1","2","2_2"
"L2_GGTGGCTGTTTAGTCG-1","2","2_5"
"L2_GGTGTCGAGCGACATG-1","2","2_6"
"L2_GGTGTCGAGGGATCTG-1","2","2_6"
"L2_GGTGTCGCAGCACAGA-1","2","2_2"
"L2_GGTGTTAAGTCATGCT-1","2","2_4"
"L2_GTAACCATCTCGACGG-1","2","2_6"
"L2_GTAAGTCTCAAGGTGG-1","2","2_8"
"L2_GTAAGTCTCCCTATTA-1","2","2_6"
"L2_GTAATCGGTTGGGTTT-1","2","2_6"
"L2_GTAGAAAGTAAGACCG-1","2","2_6"
"L2_GTAGTACGTTCCGCAG-1","2","2_5"
"L2_GTATTGGAGACCTGGA-1","2","2_0"
"L2_GTCAAGTAGTAGCCAG-1","2","2_2"
"L2_GTCACGGAGTTAGTGA-1","2","2_8"
"L2_GTCACGGGTAACGTTC-1","2","2_6"
"L2_GTCATTTGTGATATAG-1","2","2_4"
"L2_GTCCCATTCCTACAAG-1","2","2_0"
"L2_GTCCTCAAGATCCCAT-1","2","2_6"
"L2_GTCGTAATCGAGCCAC-1","2","2_6"
"L2_GTCTAGACACAACGAG-1","2","2_6"
"L2_GTCTCACGTCATCGGC-1","2","2_6"
"L2_GTCTGTCCAAGCCTGC-1","2","2_6"
"L2_GTCTGTCTCCGTGCGA-1","2","2_8"
"L2_GTCTTTAGTCGGAACA-1","2","2_6"
"L2_GTGAGCCTCCGATTAG-1","2","2_4"
"L2_GTGAGTTGTCGGTGTC-1","2","2_8"
"L2_GTGCGTGCATACAGGG-1","2","2_6"
"L2_GTGCTGGCATCGATCA-1","2","2_4"
"L2_GTGGCGTGTCCATAGT-1","2","2_4"
"L2_GTGTCCTCAAGCTCTA-1","2","2_4"
"L2_GTGTCCTTCTCCCAAC-1","2","2_0"
"L2_GTGTGATCAATCGCCG-1","2","2_0"
"L2_GTTACGACAAGTATCC-1","2","2_0"
"L2_GTTAGACAGCAACCAG-1","2","2_4"
"L2_GTTGAACCATCTGCGG-1","2","2_0"
"L2_GTTGCGGTCCGATCTC-1","2","2_6"
"L2_GTTGCTCGTGGCGCTT-1","2","2_0"
"L2_GTTGTAGAGGATCATA-1","2","2_2"
"L2_GTTGTAGAGTTGAATG-1","2","2_2"
"L2_GTTGTCCCAAAGAGTT-1","2","2_2"
"L2_TAACTTCAGAATCGTA-1","2","2_6"
"L2_TAAGCACTCTGCGGAC-1","2","2_0"
"L2_TAAGCCAGTAGCTGCC-1","2","2_0"
"L2_TAAGCGTAGTAAGAGG-1","2","2_8"
"L2_TAAGCGTCAACCTATG-1","2","2_6"
"L2_TAATTCCCAGCGCGTT-1","2","2_6"
"L2_TACAGGTGTTGACTAC-1","2","2_2"
"L2_TACCGAAGTTATAGAG-1","2","2_6"
"L2_TACCTGCAGCATGATA-1","2","2_4"
"L2_TACGGGCCACTATCCC-1","2","2_8"
"L2_TACGGTAGTCTTTCTA-1","2","2_6"
"L2_TACTGCCGTAGGTAGC-1","2","2_4"
"L2_TACTTCATCAGATGCT-1","2","2_0"
"L2_TAGACTGTCGGCCTTT-1","2","2_6"
"L2_TAGCACAGTATCATGC-1","2","2_6"
"L2_TAGGGTTGTTGCGAAG-1","2","2_0"
"L2_TAGGTACCAAATGGTA-1","2","2_0"
"L2_TAGGTTGAGCGGTATG-1","2","2_8"
"L2_TAGGTTGCATGGTACT-1","2","2_8"
"L2_TAGGTTGTCACGATCA-1","2","2_4"
"L2_TAGTGCACAGTGGCTC-1","2","2_0"
"L2_TATCCTAGTGGGATTG-1","2","2_6"
"L2_TATCGCCGTGTCACAT-1","2","2_4"
"L2_TATTTCGAGATACATG-1","2","2_4"
"L2_TCAAGCATCATGAGAA-1","2","2_4"
"L2_TCACACCCATTGTGCA-1","2","2_5"
"L2_TCAGCCTAGCACTGGA-1","2","2_2"
"L2_TCAGGGCAGTCGCCCA-1","2","2_4"
"L2_TCAGGTATCCACTGGG-1","2","2_2"
"L2_TCATATCCACTCCGGA-1","2","2_6"
"L2_TCATATCTCGAAGCCC-1","2","2_0"
"L2_TCATATCTCGGTCACG-1","2","2_4"
"L2_TCATGCCCACAATTCG-1","2","2_0"
"L2_TCATGTTGTATATGGA-1","2","2_6"
"L2_TCATGTTTCAAACGAA-1","2","2_2"
"L2_TCATTGTGTGCGACAA-1","2","2_8"
"L2_TCATTGTTCATTGTTC-1","2","2_0"
"L2_TCCACCAAGTGTTGAA-1","2","2_1"
"L2_TCCAGAATCGGAGATG-1","2","2_6"
"L2_TCCGAAACAAACCATC-1","2","2_8"
"L2_TCCTCTTGTTTGGGAG-1","2","2_4"
"L2_TCGAACATCTCTCTAA-1","2","2_2"
"L2_TCGAAGTGTAGTGGCA-1","2","2_6"
"L2_TCGATTTTCGGAGATG-1","2","2_6"
"L2_TCGCTCAAGACAAGCC-1","2","2_2"
"L2_TCGCTTGGTATACGGG-1","2","2_2"
"L2_TCGGGCATCATGCCAA-1","2","2_6"
"L2_TCTACATTCGCTTGAA-1","2","2_4"
"L2_TCTACCGAGAGTGTGC-1","2","2_4"
"L2_TCTACCGCATTGGGAG-1","2","2_2"
"L2_TCTACCGTCTAGAACC-1","2","2_4"
"L2_TCTATCAGTCAAGCCC-1","2","2_6"
"L2_TCTGGCTTCCTACTGC-1","2","2_6"
"L2_TCTGTCGCAACGGCTC-1","2","2_6"
"L2_TGAATCGAGAACTCCT-1","2","2_4"
"L2_TGAATCGCAGAGATTA-1","2","2_8"
"L2_TGAGCATTCGCACGAC-1","2","2_6"
"L2_TGAGGAGAGAAGGATG-1","2","2_5"
"L2_TGAGGAGGTCACTTCC-1","2","2_6"
"L2_TGAGGGACACAAATCC-1","2","2_4"
"L2_TGAGTCAGTCCGAAGA-1","2","2_2"
"L2_TGATCTTTCATCACTT-1","2","2_6"
"L2_TGATGCATCCCGATCT-1","2","2_4"
"L2_TGATGGTAGGTGATCG-1","2","2_4"
"L2_TGCACGGCACCTGCAG-1","2","2_2"
"L2_TGCACGGTCAACTACG-1","2","2_6"
"L2_TGCCGAGGTGGCCACT-1","2","2_6"
"L2_TGCGACGCAATATCCG-1","2","2_8"
"L2_TGCTCGTCAGTTACCA-1","2","2_5"
"L2_TGCTCGTGTGTTACAC-1","2","2_6"
"L2_TGCTCGTTCGTAACTG-1","2","2_6"
"L2_TGCTTGCTCCGAAATC-1","2","2_0"
"L2_TGGATGTTCTGAGGCC-1","2","2_6"
"L2_TGGCGTGAGTTTCGGT-1","2","2_6"
"L2_TGGGAAGCAAATCCCA-1","2","2_0"
"L2_TGGGAAGTCAAGTCTG-1","2","2_2"
"L2_TGGGAGATCGAACGCC-1","2","2_6"
"L2_TGGGCGTCATAGGTAA-1","2","2_6"
"L2_TGGTAGTAGATCGCTT-1","2","2_6"
"L2_TGGTAGTGTCTGATCA-1","2","2_0"
"L2_TGGTAGTTCGCCTTGT-1","2","2_0"
"L2_TGGTGATAGTAGGTTA-1","2","2_0"
"L2_TGGTGATCAAGGTCAG-1","2","2_6"
"L2_TGTACAGTCTCATGCC-1","2","2_0"
"L2_TGTAGACGTCGTTATG-1","2","2_6"
"L2_TGTCCACCAACGATTC-1","2","2_2"
"L2_TGTCCACCATGTGTCA-1","2","2_2"
"L2_TGTGTGACACGAAAGC-1","2","2_4"
"L2_TGTTCCGAGTCTTCGA-1","2","2_2"
"L2_TGTTCTATCAAGGCTT-1","2","2_4"
"L2_TTAATCCGTTATGACC-1","2","2_8"
"L2_TTACAGGGTTGTATGC-1","2","2_0"
"L2_TTACCATTCTGGCCGA-1","2","2_6"
"L2_TTACGTTTCCACAGGC-1","2","2_6"
"L2_TTAGTCTCACGTTCGG-1","2","2_0"
"L2_TTCACGCCAGAGATTA-1","2","2_6"
"L2_TTCATGTCATACAGGG-1","2","2_4"
"L2_TTCATGTTCGCAGAGA-1","2","2_6"
"L2_TTCCGTGAGCGACATG-1","2","2_0"
"L2_TTCGATTAGGCGAAGG-1","2","2_4"
"L2_TTCGGTCCACGCGCTA-1","2","2_0"
"L2_TTCTAACCACCAATTG-1","2","2_8"
"L2_TTCTTCCTCGCAATTG-1","2","2_6"
"L2_TTCTTGAGTTCCAGGC-1","2","2_6"
"L2_TTGACCCGTTGTTGCA-1","2","2_0"
"L2_TTGAGTGAGAGGTCGT-1","2","2_0"
"L2_TTGATGGTCGTTGTAG-1","2","2_4"
"L2_TTGGGCGGTGCCTAAT-1","2","2_0"
"L2_TTGGGTACAGTCGGAA-1","2","2_6"
"L2_TTGTTTGAGAAGCGCT-1","2","2_2"
"L2_TTTACGTAGTTTGGCT-1","2","2_6"
"L2_TTTATGCGTTACAGCT-1","2","2_0"
"L2_TTTCACACAATTGCAC-1","2","2_5"
"L2_TTTCGATGTTGCAACT-1","2","2_0"
"L2_TTTGATCCAACTCGAT-1","2","2_6"
"L2_TTTGGAGAGAAACCAT-1","2","2_2"
"L2_TTTGGTTAGACCAGCA-1","2","2_6"
"L3_AAACCCACAATCTCGA-1","2","2_0"
"L3_AAAGGATAGGTAGATT-1","2","2_0"
"L3_AAAGGGCCATAACCCA-1","2","2_5"
"L3_AAAGTCCAGACTCATC-1","2","2_0"
"L3_AAATGGATCTTGCGCT-1","2","2_5"
"L3_AACAAGATCTGGGATT-1","2","2_0"
"L3_AACACACCATGTCAGT-1","2","2_0"
"L3_AACACACTCTAGCATG-1","2","2_1"
"L3_AACCAACTCGAATCCA-1","2","2_0"
"L3_AACCCAAAGTCCCGAC-1","2","2_3"
"L3_AACCCAACAACCACAT-1","2","2_1"
"L3_AACCTTTCAAGACTGG-1","2","2_0"
"L3_AACGAAACAGTAACGG-1","2","2_4"
"L3_AACGGGATCTTGGCTC-1","2","2_2"
"L3_AAGACAAAGGCTTTCA-1","2","2_4"
"L3_AAGACAAAGTTGGAAT-1","2","2_2"
"L3_AAGACTCGTGAGCTCC-1","2","2_2"
"L3_AAGACTCGTGGAATGC-1","2","2_8"
"L3_AAGCATCTCAACTGAC-1","2","2_4"
"L3_AAGCGTTTCATTCCTA-1","2","2_0"
"L3_AAGGAATAGTTACGAA-1","2","2_0"
"L3_AAGGTAAGTCTGCATA-1","2","2_2"
"L3_AAGTACCAGGTGCCTC-1","2","2_8"
"L3_AAGTCGTGTACAGAAT-1","2","2_8"
"L3_AAGTCGTGTACGTACT-1","2","2_0"
"L3_AATAGAGTCACGACTA-1","2","2_8"
"L3_AATCACGGTAGACGTG-1","2","2_0"
"L3_AATGAAGAGAGGTCGT-1","2","2_4"
"L3_AATGACCCATCGGATT-1","2","2_0"
"L3_AATGACCGTTTGTTCT-1","2","2_0"
"L3_AATTCCTCATCATGAC-1","2","2_0"
"L3_ACACCAAAGCTACTAC-1","2","2_0"
"L3_ACACGCGAGGTTGTTC-1","2","2_2"
"L3_ACACGCGGTCATGGCC-1","2","2_0"
"L3_ACAGAAAAGGACTATA-1","2","2_5"
"L3_ACAGAAACAGCTGTCG-1","2","2_2"
"L3_ACATGCAGTGAGTTGG-1","2","2_2"
"L3_ACATGCATCGCTCCTA-1","2","2_0"
"L3_ACATTTCCATTGGCAT-1","2","2_4"
"L3_ACATTTCTCTTTGCTA-1","2","2_0"
"L3_ACCAAACAGAAGTCTA-1","2","2_8"
"L3_ACCAACAGTTCAAAGA-1","2","2_4"
"L3_ACCACAAAGTAGACCG-1","2","2_0"
"L3_ACCACAAGTTCGCGTG-1","2","2_0"
"L3_ACCCTCAGTGTCCAAT-1","2","2_2"
"L3_ACCTACCTCTTCCCGA-1","2","2_0"
"L3_ACCTGAAAGAGTATAC-1","2","2_8"
"L3_ACGATGTGTTCTGACA-1","2","2_0"
"L3_ACGCACGGTTCAAGGG-1","2","2_1"
"L3_ACGGAAGAGTCAAGCG-1","2","2_2"
"L3_ACGGAAGCACTAACCA-1","2","2_2"
"L3_ACGGGTCGTAAGTCAA-1","2","2_4"
"L3_ACGTAGTTCTCCTACG-1","2","2_0"
"L3_ACGTCCTAGACGAGCT-1","2","2_0"
"L3_ACTACGAGTGACGTCC-1","2","2_2"
"L3_ACTATGGGTACAGGTG-1","2","2_2"
"L3_ACTATTCTCTCGTGAA-1","2","2_3"
"L3_ACTCTCGAGGTCTGGA-1","2","2_0"
"L3_ACTGTGATCCCAAGTA-1","2","2_0"
"L3_AGAAATGAGGCCACCT-1","2","2_3"
"L3_AGACCATAGATGGGCT-1","2","2_2"
"L3_AGACCATCACTCTAGA-1","2","2_0"
"L3_AGACCATTCGCTACGG-1","2","2_4"
"L3_AGAGAATGTTCAACGT-1","2","2_2"
"L3_AGAGAGCAGCCTGCCA-1","2","2_8"
"L3_AGAGAGCGTTAGGGAC-1","2","2_4"
"L3_AGATCCAAGGTCATAA-1","2","2_2"
"L3_AGATCCAGTCACTCTC-1","2","2_2"
"L3_AGATCGTGTCGCACGT-1","2","2_0"
"L3_AGATGCTCATAATGAG-1","2","2_2"
"L3_AGCCAGCCAGCTGTGC-1","2","2_2"
"L3_AGCGTATAGTATAGAC-1","2","2_2"
"L3_AGCGTCGCATATGGCT-1","2","2_1"
"L3_AGCGTCGTCAGAGTGG-1","2","2_8"
"L3_AGCGTCGTCTCAGGCG-1","2","2_0"
"L3_AGCTACACAGACCAAG-1","2","2_2"
"L3_AGCTACATCTTACTGT-1","2","2_0"
"L3_AGCTCAACAGAGCCCT-1","2","2_3"
"L3_AGGAAATGTGTGGTCC-1","2","2_0"
"L3_AGGAATACATGACTCA-1","2","2_0"
"L3_AGGACGACACTGTCCT-1","2","2_0"
"L3_AGGAGGTGTTCTAACG-1","2","2_0"
"L3_AGGATAAGTCCTTTGC-1","2","2_4"
"L3_AGGATAATCTAGAACC-1","2","2_0"
"L3_AGGCATTAGAGTCAGC-1","2","2_6"
"L3_AGGCCACCATAATCCG-1","2","2_2"
"L3_AGGCTGCCAAACTAAG-1","2","2_2"
"L3_AGGGTCCAGGGCCAAT-1","2","2_0"
"L3_AGGGTGATCCCAACTC-1","2","2_5"
"L3_AGGGTTTTCACTCCGT-1","2","2_0"
"L3_AGGTTACAGAAGTGTT-1","2","2_4"
"L3_AGGTTGTCAACACTAC-1","2","2_2"
"L3_AGTACTGGTCACCACG-1","2","2_0"
"L3_AGTCACACAACTTCTT-1","2","2_2"
"L3_AGTGACTTCACCTCAC-1","2","2_4"
"L3_AGTGTTGAGTGGTTAA-1","2","2_0"
"L3_ATACCGATCTGCCTCA-1","2","2_0"
"L3_ATACCTTAGAGTGTGC-1","2","2_4"
"L3_ATACCTTAGGATTACA-1","2","2_2"
"L3_ATACCTTAGTGCTCAT-1","2","2_0"
"L3_ATAGACCCACCTGATA-1","2","2_0"
"L3_ATAGAGAGTCGTTGGC-1","2","2_2"
"L3_ATAGGCTCACTGCTTC-1","2","2_2"
"L3_ATAGGCTCATCTCGTC-1","2","2_0"
"L3_ATCATTCCAGCTGGTC-1","2","2_0"
"L3_ATCCGTCCAAGAGTGC-1","2","2_4"
"L3_ATCCGTCCAATAGTAG-1","2","2_2"
"L3_ATCCGTCTCTGCTAGA-1","2","2_2"
"L3_ATCGATGCAATTGGTC-1","2","2_0"
"L3_ATCGATGGTCCGAAAG-1","2","2_0"
"L3_ATCGGATTCAAGAGTA-1","2","2_2"
"L3_ATCGGCGGTCGTGCCA-1","2","2_2"
"L3_ATCGTGAAGAGGACTC-1","2","2_2"
"L3_ATGCCTCAGGCTAACG-1","2","2_0"
"L3_ATGGATCAGAACTTCC-1","2","2_0"
"L3_ATGGGTTAGCACGGAT-1","2","2_0"
"L3_ATGGGTTAGGCACTAG-1","2","2_4"
"L3_ATGGGTTCAGCTACTA-1","2","2_2"
"L3_ATGGTTGAGACTTCCA-1","2","2_4"
"L3_ATTACCTAGTAGGGTC-1","2","2_8"
"L3_ATTACTCAGCTCGTGC-1","2","2_1"
"L3_ATTCCATGTTTAGTCG-1","2","2_4"
"L3_ATTCCTAAGCAATTCC-1","2","2_2"
"L3_ATTCTACGTCCTGTCT-1","2","2_8"
"L3_ATTCTTGGTCAGGAGT-1","2","2_0"
"L3_ATTTCTGCAACCACGC-1","2","2_0"
"L3_CAACAACAGCACACCC-1","2","2_2"
"L3_CAACAGTGTACCACGC-1","2","2_2"
"L3_CAACAGTGTGAGAGGG-1","2","2_0"
"L3_CAACAGTGTGATAGAT-1","2","2_1"
"L3_CAACAGTTCATTGAGC-1","2","2_0"
"L3_CAAGGGACAAGGCTTT-1","2","2_1"
"L3_CAAGGGACAATGGCCC-1","2","2_0"
"L3_CAATGACAGAGCAAGA-1","2","2_4"
"L3_CAATTTCAGCATGATA-1","2","2_0"
"L3_CACACAACATTGTAGC-1","2","2_0"
"L3_CACACAATCAGTGTCA-1","2","2_0"
"L3_CACCGTTTCGTGAGAG-1","2","2_2"
"L3_CACGGGTCAGGCCCTA-1","2","2_4"
"L3_CACGGGTTCTTCGCTG-1","2","2_0"
"L3_CACTGTCTCCGTTGGG-1","2","2_0"
"L3_CAGAGCCCAGAACATA-1","2","2_0"
"L3_CAGATACTCGAGTCCG-1","2","2_4"
"L3_CAGATCACAATCCTAG-1","2","2_0"
"L3_CAGATCATCCGTGGCA-1","2","2_0"
"L3_CAGCAATAGTATGAGT-1","2","2_0"
"L3_CAGCAATCAGCTTTGA-1","2","2_2"
"L3_CAGCAGCAGGGCTGAT-1","2","2_2"
"L3_CAGCAGCGTCAGGCAA-1","2","2_2"
"L3_CAGGGCTGTTCCTACC-1","2","2_0"
"L3_CAGGTATAGATTGCGG-1","2","2_0"
"L3_CAGGTATGTGTCCATA-1","2","2_2"
"L3_CAGTTAGTCCAACACA-1","2","2_4"
"L3_CAGTTCCAGGCAGGGA-1","2","2_0"
"L3_CATACAGTCTAGCAAC-1","2","2_5"
"L3_CATACTTCATTACGGT-1","2","2_0"
"L3_CATAGACGTAGCACGA-1","2","2_8"
"L3_CATAGACGTAGTCTTG-1","2","2_0"
"L3_CATCAAGAGCAACAGC-1","2","2_8"
"L3_CATCCCACATTCTCCG-1","2","2_0"
"L3_CATCCCAGTTCAAAGA-1","2","2_1"
"L3_CATCCGTAGGGCATGT-1","2","2_2"
"L3_CATCGCTCAATGAAAC-1","2","2_0"
"L3_CATCGCTTCCTGTAAG-1","2","2_2"
"L3_CATCGGGCATCCAATG-1","2","2_5"
"L3_CATGAGTAGACCGCCT-1","2","2_1"
"L3_CATGAGTCACTGTCGG-1","2","2_3"
"L3_CATGCCTGTATCGGTT-1","2","2_0"
"L3_CATGCCTTCGCCACTT-1","2","2_0"
"L3_CATGCGGAGTCGGCCT-1","2","2_0"
"L3_CATGGATTCAACCCGG-1","2","2_0"
"L3_CATGGTATCGGAATGG-1","2","2_2"
"L3_CATTCTAAGTCTCGTA-1","2","2_2"
"L3_CATTGCCGTCTACATG-1","2","2_0"
"L3_CATTGTTAGCGTCGAA-1","2","2_0"
"L3_CATTTCACACACGCCA-1","2","2_8"
"L3_CCACACTGTGAATGTA-1","2","2_2"
"L3_CCCATTGAGATTCGAA-1","2","2_2"
"L3_CCCATTGAGCGATTCT-1","2","2_0"
"L3_CCCATTGGTAGACAAT-1","2","2_8"
"L3_CCCTCAACACGCGGTT-1","2","2_0"
"L3_CCCTGATCACACCTGG-1","2","2_0"
"L3_CCCTTAGCAGAACTTC-1","2","2_2"
"L3_CCGAACGTCAAGCGTT-1","2","2_0"
"L3_CCGATCTGTCTGTGAT-1","2","2_2"
"L3_CCGATGGGTGTACAGG-1","2","2_4"
"L3_CCGGGTAGTCCGGACT-1","2","2_2"
"L3_CCGTAGGAGGGCCTCT-1","2","2_0"
"L3_CCGTTCAAGCTACAAA-1","2","2_0"
"L3_CCTAAGATCGCAGATT-1","2","2_0"
"L3_CCTACGTGTCAAACGG-1","2","2_2"
"L3_CCTATCGTCGGATAAA-1","2","2_0"
"L3_CCTCACACACAAGGTG-1","2","2_0"
"L3_CCTCAGTTCACTTCTA-1","2","2_2"
"L3_CCTCAGTTCGCTTAAG-1","2","2_2"
"L3_CCTCCAAAGCTATCTG-1","2","2_0"
"L3_CCTCCAATCTGCGGAC-1","2","2_4"
"L3_CCTCCTCTCATCACCC-1","2","2_0"
"L3_CCTCTCCAGGGCTTCC-1","2","2_0"
"L3_CCTCTCCTCCAGTGCG-1","2","2_0"
"L3_CCTGCATCAACCACGC-1","2","2_0"
"L3_CCTTCAGAGCAAACAT-1","2","2_0"
"L3_CCTTCAGCAACCGGAA-1","2","2_0"
"L3_CCTTGTGAGTGCGACA-1","2","2_0"
"L3_CCTTTGGGTTGGACTT-1","2","2_0"
"L3_CGAAGGAAGTCATGAA-1","2","2_5"
"L3_CGAAGGAGTTCAAACC-1","2","2_2"
"L3_CGAAGTTAGCTAATGA-1","2","2_2"
"L3_CGAAGTTGTGGTGATG-1","2","2_2"
"L3_CGAATTGAGCCAAGTG-1","2","2_4"
"L3_CGACAGCAGTTAACAG-1","2","2_2"
"L3_CGACAGCGTTAGCGGA-1","2","2_2"
"L3_CGATCGGCACGACAAG-1","2","2_5"
"L3_CGATGGCGTGAGCAGT-1","2","2_0"
"L3_CGCAGGTTCAAGGCTT-1","2","2_2"
"L3_CGCATAACACAAACGG-1","2","2_1"
"L3_CGCATAAGTACCCAGC-1","2","2_2"
"L3_CGCATGGCACGCTGCA-1","2","2_2"
"L3_CGCCATTAGAATAGTC-1","2","2_3"
"L3_CGCCATTAGCACTTTG-1","2","2_2"
"L3_CGGAACCCAATGAAAC-1","2","2_0"
"L3_CGGAATTCATCTTCGC-1","2","2_0"
"L3_CGGACACCAAATGGCG-1","2","2_0"
"L3_CGGAGAAGTTAAGAAC-1","2","2_2"
"L3_CGGGACTTCGGCCTTT-1","2","2_0"
"L3_CGGGTGTAGGTTTGAA-1","2","2_2"
"L3_CGGGTGTGTGGCGCTT-1","2","2_0"
"L3_CGTAGTACACACGGAA-1","2","2_2"
"L3_CGTGTCTTCTCCACTG-1","2","2_2"
"L3_CGTTAGAAGCAATAAC-1","2","2_6"
"L3_CGTTAGATCCTAGCCT-1","2","2_2"
"L3_CTAACTTCAGAATGTA-1","2","2_5"
"L3_CTACAGAAGCCTCACG-1","2","2_5"
"L3_CTACAGAGTCCGAAGA-1","2","2_3"
"L3_CTACCCACACCCAATA-1","2","2_0"
"L3_CTACCCAGTCGCTCGA-1","2","2_3"
"L3_CTACCTGTCCTAAGTG-1","2","2_2"
"L3_CTACGGGCACGGGTAA-1","2","2_8"
"L3_CTACTATCAGAGATTA-1","2","2_4"
"L3_CTCAACCGTAGACGGT-1","2","2_2"
"L3_CTCAAGACAGCAGATG-1","2","2_8"
"L3_CTCACTGTCATTACTC-1","2","2_0"
"L3_CTCAGAATCGATACGT-1","2","2_0"
"L3_CTCAGTCAGCCTCATA-1","2","2_0"
"L3_CTCCCAAAGCTCGGCT-1","2","2_8"
"L3_CTCCCTCGTTCAGTAC-1","2","2_0"
"L3_CTCCTTTGTGACTAAA-1","2","2_3"
"L3_CTCGAGGTCTGAGATC-1","2","2_0"
"L3_CTGAATGTCACGAGGA-1","2","2_4"
"L3_CTGATCCTCGCAACAT-1","2","2_8"
"L3_CTGCATCAGTTAACGA-1","2","2_2"
"L3_CTGCTCAGTCACCGCA-1","2","2_2"
"L3_CTGGACGAGTCCCAAT-1","2","2_1"
"L3_CTGTGGGGTTGTCATG-1","2","2_2"
"L3_CTTCAATTCATTATCC-1","2","2_3"
"L3_CTTCCGACACTTTAGG-1","2","2_0"
"L3_CTTCTAAGTCGTCGGT-1","2","2_2"
"L3_CTTCTCTAGGCGAACT-1","2","2_0"
"L3_CTTTCGGGTGTTATCG-1","2","2_4"
"L3_CTTTCGGTCCGTGACG-1","2","2_2"
"L3_GAAACCTCATGTGCTA-1","2","2_3"
"L3_GAAATGAAGTTCCAGT-1","2","2_0"
"L3_GAAGAATGTATGGTAA-1","2","2_4"
"L3_GAAGGACAGTCACGAG-1","2","2_8"
"L3_GAAGGACCACGCGTCA-1","2","2_8"
"L3_GAATAGACACAGCGCT-1","2","2_2"
"L3_GAATCACGTGGTTCTA-1","2","2_0"
"L3_GACCGTGCACAAGTTC-1","2","2_0"
"L3_GACCGTGGTACAACGG-1","2","2_8"
"L3_GACGTTAAGATGCTGG-1","2","2_4"
"L3_GACTCAATCAGACCTA-1","2","2_2"
"L3_GACTCTCCACCGCTAG-1","2","2_0"
"L3_GAGAAATGTGCCGGTT-1","2","2_3"
"L3_GAGAAATTCTCGCTCA-1","2","2_3"
"L3_GAGACCCCACACTGGC-1","2","2_0"
"L3_GAGACCCTCATGGAGG-1","2","2_0"
"L3_GAGACTTCACGACGTC-1","2","2_0"
"L3_GAGACTTCAGGTGTTT-1","2","2_0"
"L3_GAGAGGTGTTTACTTC-1","2","2_3"
"L3_GAGCTGCCATGATCTG-1","2","2_0"
"L3_GAGGGATAGGAGTATT-1","2","2_2"
"L3_GAGGGTACACTGTCGG-1","2","2_2"
"L3_GAGGGTAGTCACTGAT-1","2","2_4"
"L3_GAGGGTATCGTGACTA-1","2","2_4"
"L3_GAGGGTATCTGGCCGA-1","2","2_4"
"L3_GAGTTGTTCTAGTTCT-1","2","2_0"
"L3_GATCACAAGCTGTGCC-1","2","2_2"
"L3_GATCAGTAGATCGGTG-1","2","2_0"
"L3_GATCATGTCGAGAGAC-1","2","2_8"
"L3_GATCGTAGTCAATGGG-1","2","2_4"
"L3_GATGAGGGTAGCGTAG-1","2","2_2"
"L3_GATGTTGAGCTCATAC-1","2","2_0"
"L3_GATGTTGTCCGTTGGG-1","2","2_0"
"L3_GATTCGAAGTCTTCCC-1","2","2_8"
"L3_GATTCGATCTACTGCC-1","2","2_3"
"L3_GCAACCGAGATAGTGT-1","2","2_0"
"L3_GCAACCGTCGTACCTC-1","2","2_2"
"L3_GCACGTGCACGACTAT-1","2","2_0"
"L3_GCACTAAAGTTGAAGT-1","2","2_4"
"L3_GCAGCCACACTCGATA-1","2","2_0"
"L3_GCAGCCATCTAGGAAA-1","2","2_0"
"L3_GCAGGCTAGTAGGAAG-1","2","2_0"
"L3_GCAGGCTGTGCCTACG-1","2","2_0"
"L3_GCATCGGCACGGTGTC-1","2","2_0"
"L3_GCATCTCAGGTCTACT-1","2","2_2"
"L3_GCATGATAGACCATGG-1","2","2_1"
"L3_GCATGATAGATCGACG-1","2","2_2"
"L3_GCATTAGTCTCGTCAC-1","2","2_8"
"L3_GCCAACGGTGACTATC-1","2","2_2"
"L3_GCCAGTGGTTATAGAG-1","2","2_2"
"L3_GCCATGGAGACGGAAA-1","2","2_4"
"L3_GCCATGGAGTTTCTTC-1","2","2_2"
"L3_GCCCAGACACTTGAAC-1","2","2_2"
"L3_GCCGATGCACACCGCA-1","2","2_0"
"L3_GCCTGTTCAGGCGATA-1","2","2_0"
"L3_GCGATCGAGATTGGGC-1","2","2_2"
"L3_GCGATCGGTTATCTTC-1","2","2_2"
"L3_GCGTGCAAGCCATGCC-1","2","2_4"
"L3_GCGTGCACACCCAATA-1","2","2_0"
"L3_GCTCAAACAGACTCTA-1","2","2_0"
"L3_GCTGCAGCATATCTCT-1","2","2_0"
"L3_GCTGGGTCAATGTCAC-1","2","2_2"
"L3_GCTTGGGCACGCTGCA-1","2","2_0"
"L3_GCTTTCGAGGAGTACC-1","2","2_0"
"L3_GGAAGTGGTGGCTGCT-1","2","2_2"
"L3_GGAGAACTCCGATGCG-1","2","2_2"
"L3_GGAGATGTCCCAGCGA-1","2","2_0"
"L3_GGAGGATCATGGGATG-1","2","2_0"
"L3_GGAGGTAAGGTCGCCT-1","2","2_0"
"L3_GGCGTCAGTAAGTCAA-1","2","2_0"
"L3_GGCGTCAGTATTCCGA-1","2","2_3"
"L3_GGCTTTCCACTACCGG-1","2","2_0"
"L3_GGGAAGTCAAGTACCT-1","2","2_2"
"L3_GGGAAGTGTGGCTCTG-1","2","2_0"
"L3_GGGAGATAGCGTATAA-1","2","2_4"
"L3_GGGAGATCAGCTGTTA-1","2","2_2"
"L3_GGGATCCGTATGTCAC-1","2","2_0"
"L3_GGGATCCGTTTATGCG-1","2","2_1"
"L3_GGGCGTTTCCGTTGAA-1","2","2_0"
"L3_GGGCTACTCCTGCCAT-1","2","2_2"
"L3_GGGTATTCATTCACAG-1","2","2_2"
"L3_GGGTGAAGTAGTACGG-1","2","2_8"
"L3_GGTAACTTCGTAGGAG-1","2","2_0"
"L3_GGTCACGAGCGACTTT-1","2","2_7"
"L3_GGTCACGCAACGGCCT-1","2","2_8"
"L3_GGTCTGGAGATTTGCC-1","2","2_8"
"L3_GGTGAAGAGAAACTAC-1","2","2_2"
"L3_GGTGAAGAGCAGTAAT-1","2","2_0"
"L3_GGTGAAGAGGAAGTGA-1","2","2_0"
"L3_GGTGGCTTCATTGCCC-1","2","2_3"
"L3_GGTGTCGCAGGTGGAT-1","2","2_0"
"L3_GGTTGTAAGCTCGCAC-1","2","2_5"
"L3_GGTTGTAAGGCACAAC-1","2","2_8"
"L3_GGTTGTACAATTGCAC-1","2","2_2"
"L3_GTAACACAGCTAAGTA-1","2","2_0"
"L3_GTAGAGGCAGCTGCCA-1","2","2_0"
"L3_GTAGATCAGTAGGGTC-1","2","2_2"
"L3_GTAGATCGTCTCACAA-1","2","2_4"
"L3_GTAGATCGTTGTGGAG-1","2","2_0"
"L3_GTATTTCAGTCAACAA-1","2","2_4"
"L3_GTATTTCCACTGTCGG-1","2","2_0"
"L3_GTCAAACCACTGGCGT-1","2","2_2"
"L3_GTCACGGGTAGAGGAA-1","2","2_8"
"L3_GTCACTCGTTCCACGG-1","2","2_0"
"L3_GTCAGCGCAGAAATCA-1","2","2_0"
"L3_GTCAGCGCAGCGTACC-1","2","2_2"
"L3_GTCCCATCACACCTGG-1","2","2_0"
"L3_GTCCCATTCCGGTTCT-1","2","2_0"
"L3_GTCCTCAGTACTGCGC-1","2","2_2"
"L3_GTCGAATAGCTTCTAG-1","2","2_0"
"L3_GTCGTAAGTAGTAAGT-1","2","2_0"
"L3_GTCTACCGTATTCTCT-1","2","2_4"
"L3_GTCTAGATCCCAGCGA-1","2","2_0"
"L3_GTCTCACCAAAGCTCT-1","2","2_8"
"L3_GTCTCACGTTTGGGTT-1","2","2_2"
"L3_GTCTGTCGTTACACAC-1","2","2_0"
"L3_GTCTTTAGTTGTCTAG-1","2","2_4"
"L3_GTGATGTGTTCAACGT-1","2","2_0"
"L3_GTGCACGGTCGCGTCA-1","2","2_2"
"L3_GTGCAGCAGGATGGCT-1","2","2_5"
"L3_GTGCTTCGTGCGTCGT-1","2","2_0"
"L3_GTGGAGAGTTCCTAGA-1","2","2_0"
"L3_GTGGAGATCGAAACAA-1","2","2_0"
"L3_GTGGCGTAGCGCCATC-1","2","2_0"
"L3_GTGGCGTCACTATCGA-1","2","2_0"
"L3_GTGGGAAAGTAGACCG-1","2","2_4"
"L3_GTGGTTACAGCCGGTT-1","2","2_0"
"L3_GTGTCCTTCTAACACG-1","2","2_0"
"L3_GTGTTAGAGCAATAGT-1","2","2_0"
"L3_GTGTTCCCACGACGCT-1","2","2_0"
"L3_GTGTTCCGTCATCTAG-1","2","2_2"
"L3_GTTACAGCAGTTTGGT-1","2","2_0"
"L3_GTTAGTGAGTGTAGAT-1","2","2_0"
"L3_GTTAGTGGTACGAAAT-1","2","2_2"
"L3_GTTATGGCAGTAACGG-1","2","2_4"
"L3_GTTCGCTAGCGTCGAA-1","2","2_4"
"L3_GTTGTAGCATGACCCG-1","2","2_0"
"L3_GTTGTCCGTGCGGCTT-1","2","2_0"
"L3_GTTGTGACAATCAGCT-1","2","2_0"
"L3_TAACCAGAGTCTGCGC-1","2","2_3"
"L3_TAACGACAGTGCAGCA-1","2","2_0"
"L3_TAACTTCTCTTCCAGC-1","2","2_2"
"L3_TAAGCACAGCTCTGTA-1","2","2_8"
"L3_TAAGCACTCGGTAGGA-1","2","2_0"
"L3_TAAGTCGGTACAGTCT-1","2","2_3"
"L3_TAATTCCAGGGCAGTT-1","2","2_0"
"L3_TACACCCAGAGGATGA-1","2","2_0"
"L3_TACAGGTGTCGTGATT-1","2","2_0"
"L3_TACCCACTCGCATAGT-1","2","2_4"
"L3_TACCCGTTCCATTTGT-1","2","2_0"
"L3_TACCGAACAATTCTCT-1","2","2_2"
"L3_TACCGGGGTGGATTTC-1","2","2_0"
"L3_TACCTGCAGGGAGATA-1","2","2_2"
"L3_TACGCTCAGCATTTGC-1","2","2_3"
"L3_TACGCTCAGCTCTGTA-1","2","2_2"
"L3_TACGCTCAGTAGTGCG-1","2","2_0"
"L3_TACGTCCTCTTCGACC-1","2","2_0"
"L3_TACTTACGTTTCACTT-1","2","2_1"
"L3_TACTTCAGTAGTCTTG-1","2","2_8"
"L3_TAGGGTTAGTGGAATT-1","2","2_2"
"L3_TAGGGTTCAGTTCCAA-1","2","2_3"
"L3_TAGGTACGTCACTACA-1","2","2_2"
"L3_TAGGTACGTCCATAGT-1","2","2_0"
"L3_TAGGTTGTCCACCTGT-1","2","2_2"
"L3_TATCAGGAGCGGGTAT-1","2","2_4"
"L3_TATCGCCCACGTACAT-1","2","2_0"
"L3_TATCTGTAGCCTCAGC-1","2","2_2"
"L3_TATCTTGGTTTCACTT-1","2","2_8"
"L3_TATGTTCCATGAAAGT-1","2","2_1"
"L3_TATTCCATCGCATAGT-1","2","2_0"
"L3_TCAAGACGTACGCTTA-1","2","2_0"
"L3_TCAAGCATCTTCTGGC-1","2","2_0"
"L3_TCAATTCCAGACCGCT-1","2","2_0"
"L3_TCACGCTAGGCATTTC-1","2","2_3"
"L3_TCACGGGTCTGGTTGA-1","2","2_0"
"L3_TCAGCAACAACTCATG-1","2","2_4"
"L3_TCAGCAATCCTACCGT-1","2","2_0"
"L3_TCAGCCTTCAACACGT-1","2","2_1"
"L3_TCAGTGAAGCGATGCA-1","2","2_4"
"L3_TCAGTGAAGGTAGCAC-1","2","2_0"
"L3_TCAGTGATCAAGCCCG-1","2","2_0"
"L3_TCAGTTTGTGTGAATA-1","2","2_0"
"L3_TCAGTTTTCCGGACGT-1","2","2_0"
"L3_TCATGCCCATGACGTT-1","2","2_2"
"L3_TCATGCCGTTCCTTGC-1","2","2_4"
"L3_TCATGGAAGTATTCCG-1","2","2_4"
"L3_TCATTCAAGTGATCGG-1","2","2_4"
"L3_TCATTGTGTACAGTCT-1","2","2_2"
"L3_TCCACCAGTGAAGCTG-1","2","2_8"
"L3_TCCACGTCACAGCGCT-1","2","2_4"
"L3_TCCACGTGTAAGATCA-1","2","2_0"
"L3_TCCATCGTCCGATGTA-1","2","2_0"
"L3_TCCCACAGTTGACTAC-1","2","2_2"
"L3_TCCCAGTTCAGTCTTT-1","2","2_5"
"L3_TCCCATGTCTCGGCTT-1","2","2_5"
"L3_TCCGAAAAGCGAGAAA-1","2","2_4"
"L3_TCCTAATCATTGACAC-1","2","2_0"
"L3_TCCTCGAAGTTCGGTT-1","2","2_4"
"L3_TCCTCGAGTTCGAAGG-1","2","2_0"
"L3_TCCTTCTGTGATGTAA-1","2","2_0"
"L3_TCCTTTCAGTTCTCTT-1","2","2_0"
"L3_TCGACGGCACGAGGAT-1","2","2_4"
"L3_TCGCTCAAGTTCCAGT-1","2","2_4"
"L3_TCGCTCAGTAACTGCT-1","2","2_0"
"L3_TCGCTCAGTGATGAAT-1","2","2_5"
"L3_TCGCTTGAGAGAGGGC-1","2","2_0"
"L3_TCGCTTGCAATAGGGC-1","2","2_4"
"L3_TCGGATAAGAACGTGC-1","2","2_5"
"L3_TCGGGACCACGTAGAG-1","2","2_0"
"L3_TCGGGACTCCACGGAC-1","2","2_2"
"L3_TCGGGCAGTATCGAGG-1","2","2_2"
"L3_TCGGGTGAGGTCCGAA-1","2","2_0"
"L3_TCGGTCTAGGCCCACT-1","2","2_0"
"L3_TCGTCCACAGCGTATT-1","2","2_0"
"L3_TCTACATTCCTTGACC-1","2","2_2"
"L3_TCTACCGTCAGTCCGG-1","2","2_2"
"L3_TCTATCAAGCCGTTAT-1","2","2_2"
"L3_TCTTCCTAGGTAGTCG-1","2","2_0"
"L3_TGAACGTAGATTGCGG-1","2","2_0"
"L3_TGAATCGAGAACTCCT-1","2","2_2"
"L3_TGACAGTCATCTTAGG-1","2","2_0"
"L3_TGAGACTTCACATCAG-1","2","2_0"
"L3_TGAGCGCGTCCAGCGT-1","2","2_0"
"L3_TGAGCGCTCGCATAGT-1","2","2_0"
"L3_TGAGTCACAGCATCTA-1","2","2_4"
"L3_TGATCAGAGTTTGCTG-1","2","2_2"
"L3_TGATCTTCATCCCGTT-1","2","2_2"
"L3_TGATCTTGTTCCGCGA-1","2","2_0"
"L3_TGATGCAAGACTACGG-1","2","2_0"
"L3_TGATTCTTCGTTCGCT-1","2","2_0"
"L3_TGATTTCAGTTAGAAC-1","2","2_0"
"L3_TGCAGTAGTGACCGAA-1","2","2_3"
"L3_TGCATCCAGGAAGAAC-1","2","2_4"
"L3_TGCCGAGAGTTGGAAT-1","2","2_4"
"L3_TGCGATAAGAGAGGTA-1","2","2_0"
"L3_TGCGATACAGTGTGGA-1","2","2_0"
"L3_TGCGGGTTCTAATTCC-1","2","2_0"
"L3_TGCTGAACACTACCGG-1","2","2_4"
"L3_TGCTTGCCAAATTGCC-1","2","2_0"
"L3_TGGAACTCAAGCGAGT-1","2","2_2"
"L3_TGGCGTGGTTGTCCCT-1","2","2_4"
"L3_TGGCGTGTCGCCTAGG-1","2","2_0"
"L3_TGGGAGAAGGTTGACG-1","2","2_0"
"L3_TGGGAGAGTTGGGATG-1","2","2_0"
"L3_TGGGCGTTCCTATTTG-1","2","2_4"
"L3_TGGGCTGTCCCTTGTG-1","2","2_3"
"L3_TGGTGATTCATGACAC-1","2","2_1"
"L3_TGGTGATTCCCTCTCC-1","2","2_3"
"L3_TGTAACGCAGGTGGAT-1","2","2_2"
"L3_TGTCCCAAGTAACCTC-1","2","2_0"
"L3_TGTCCCACAAGGAGTC-1","2","2_0"
"L3_TGTGAGTAGGACAGTC-1","2","2_0"
"L3_TGTGAGTCATGTTTGG-1","2","2_6"
"L3_TGTGAGTGTGTGACCC-1","2","2_8"
"L3_TGTGCGGAGTGCAAAT-1","2","2_0"
"L3_TGTGTGAGTCTTGAGT-1","2","2_3"
"L3_TGTTGAGCACTCCCTA-1","2","2_0"
"L3_TGTTGGATCAATCTCT-1","2","2_0"
"L3_TTAATCCAGTTCTCTT-1","2","2_2"
"L3_TTAATCCTCTTGTGCC-1","2","2_0"
"L3_TTACCATCATGACCCG-1","2","2_0"
"L3_TTACCATGTACTGCGC-1","2","2_4"
"L3_TTACCATGTCTACATG-1","2","2_0"
"L3_TTACCATTCGGCTGGT-1","2","2_0"
"L3_TTACCGCAGGAACGTC-1","2","2_0"
"L3_TTACGCCCACCAGGTC-1","2","2_4"
"L3_TTACGTTGTCCTCATC-1","2","2_2"
"L3_TTAGGCAAGAGATCGC-1","2","2_0"
"L3_TTAGGGTTCTGGCCGA-1","2","2_0"
"L3_TTAGTCTGTAGAGATT-1","2","2_8"
"L3_TTATTGCCAATACGCT-1","2","2_0"
"L3_TTCAATCAGTACCATC-1","2","2_2"
"L3_TTCAATCGTAACTAAG-1","2","2_2"
"L3_TTCACCGTCATGAGGG-1","2","2_0"
"L3_TTCACGCCAGGCGATA-1","2","2_4"
"L3_TTCATGTGTGCAGATG-1","2","2_4"
"L3_TTCATGTGTTTCGACA-1","2","2_0"
"L3_TTCCACGAGTAGAGTT-1","2","2_4"
"L3_TTCCACGGTGGATTTC-1","2","2_1"
"L3_TTCCGGTGTTTAGACC-1","2","2_2"
"L3_TTCCGGTTCACTTTGT-1","2","2_2"
"L3_TTCCGTGAGGCTCTCG-1","2","2_1"
"L3_TTCCGTGCACTGCTTC-1","2","2_2"
"L3_TTCCTCTTCGCCTCTA-1","2","2_0"
"L3_TTCGGTCCACGGCTAC-1","2","2_4"
"L3_TTCGGTCGTTCCATTT-1","2","2_1"
"L3_TTCTAACCACAAGCTT-1","2","2_0"
"L3_TTCTAACTCGCCAATA-1","2","2_0"
"L3_TTGACCCAGCTTCGTA-1","2","2_2"
"L3_TTGATGGTCAAGCGTT-1","2","2_5"
"L3_TTGGGATGTCTTTCTA-1","2","2_2"
"L3_TTGGGCGCATTGTACG-1","2","2_2"
"L3_TTGTGTTTCTTCCTAA-1","2","2_0"
"L3_TTGTTGTAGATTAGAC-1","2","2_0"
"L3_TTTACTGAGGGTAGCT-1","2","2_2"
"L3_TTTATGCGTTCGGTCG-1","2","2_3"
"L3_TTTCAGTTCTCGACGG-1","2","2_4"
"L3_TTTCGATTCCATCGTC-1","2","2_0"
"L3_TTTGACTAGGCGACAT-1","2","2_2"
"L3_TTTGATCCAAGTATAG-1","2","2_8"
"L3_TTTGGAGAGAATACAC-1","2","2_2"
"L3_TTTGGTTCACCAATTG-1","2","2_0"
"R1_AAAGGGCTCCCGAGAC-1","2","2_0"
"R1_AAAGTCCGTGGTCTTA-1","2","2_5"
"R1_AAAGTCCGTTCAGTAC-1","2","2_0"
"R1_AAAGTGAAGATGATTG-1","2","2_5"
"R1_AAAGTGAAGGTAGATT-1","2","2_0"
"R1_AAATGGACAATGCTCA-1","2","2_2"
"R1_AACAAAGGTGATCGTT-1","2","2_5"
"R1_AACAGGGAGAAGAGCA-1","2","2_0"
"R1_AACCAACAGTGGTTAA-1","2","2_0"
"R1_AACCAACCAATACGAA-1","2","2_5"
"R1_AACCAACTCTTGGAAC-1","2","2_1"
"R1_AACCCAAAGTCTGGAG-1","2","2_0"
"R1_AACCCAAGTTGCTTGA-1","2","2_0"
"R1_AACCTGAGTTGCATGT-1","2","2_0"
"R1_AACCTGATCGCGCCAA-1","2","2_0"
"R1_AACGTCAAGAGTCACG-1","2","2_2"
"R1_AACTTCTGTAAGTAGT-1","2","2_2"
"R1_AAGAACAAGTCGGGAT-1","2","2_5"
"R1_AAGAACACAAGCAGGT-1","2","2_0"
"R1_AAGACAACAGAAGCTG-1","2","2_5"
"R1_AAGACAACAGAGTGTG-1","2","2_5"
"R1_AAGACAACATCAGCTA-1","2","2_0"
"R1_AAGACTCTCTTGCGCT-1","2","2_0"
"R1_AAGATAGTCGGCACTG-1","2","2_0"
"R1_AAGTACCCATGTAACC-1","2","2_0"
"R1_AATCACGAGTTCGGTT-1","2","2_0"
"R1_AATCACGCACACCAGC-1","2","2_0"
"R1_AATCGTGAGATTACCC-1","2","2_0"
"R1_AATCGTGTCATGCCGG-1","2","2_5"
"R1_AATGAAGTCCTACCAC-1","2","2_0"
"R1_AATGACCAGTGCCGAA-1","2","2_0"
"R1_AATGCCAAGACTCTAC-1","2","2_0"
"R1_AATGCCAGTAGTGGCA-1","2","2_5"
"R1_AATGGAAAGAGCAAGA-1","2","2_5"
"R1_AATTCCTCACTGGATT-1","2","2_1"
"R1_AATTCCTGTCGTAATC-1","2","2_0"
"R1_ACAAAGACAGCTGTTA-1","2","2_0"
"R1_ACAAAGAGTCTTGCTC-1","2","2_5"
"R1_ACAAAGATCCTCACCA-1","2","2_0"
"R1_ACAAGCTAGGCTGGAT-1","2","2_5"
"R1_ACAAGCTTCTCATGCC-1","2","2_4"
"R1_ACACAGTCAACCAACT-1","2","2_0"
"R1_ACACGCGGTACCGGCT-1","2","2_0"
"R1_ACACGCGTCTAGCATG-1","2","2_5"
"R1_ACACTGATCTGCGGCA-1","2","2_0"
"R1_ACAGAAAAGTAGAGTT-1","2","2_0"
"R1_ACAGCCGAGTTCTACG-1","2","2_3"
"R1_ACAGGGAAGCTCGAAG-1","2","2_0"
"R1_ACATGCACAGCGAACA-1","2","2_5"
"R1_ACATTTCTCATATGGC-1","2","2_5"
"R1_ACCATTTTCGATTCCC-1","2","2_5"
"R1_ACCCTTGGTAGGTAGC-1","2","2_4"
"R1_ACCCTTGTCATGCCAA-1","2","2_0"
"R1_ACCGTTCTCGGTAAGG-1","2","2_0"
"R1_ACCTACCAGCATGCAG-1","2","2_0"
"R1_ACCTACCGTTCTCTCG-1","2","2_5"
"R1_ACCTGAAAGTGCTACT-1","2","2_2"
"R1_ACCTGAACAGGTGAGT-1","2","2_5"
"R1_ACCTGAATCATCACCC-1","2","2_0"
"R1_ACCTGAATCCTCTCGA-1","2","2_0"
"R1_ACGATGTAGACAGTCG-1","2","2_0"
"R1_ACGGAAGGTGTTAACC-1","2","2_0"
"R1_ACGGGTCCAGGCCTGT-1","2","2_0"
"R1_ACGGGTCCATAATGAG-1","2","2_5"
"R1_ACGGGTCTCCATTTAC-1","2","2_8"
"R1_ACGTAACTCGATTTCT-1","2","2_0"
"R1_ACGTAGTCAACAGTGG-1","2","2_0"
"R1_ACGTAGTGTGCCCACA-1","2","2_1"
"R1_ACGTCCTAGACAGTCG-1","2","2_0"
"R1_ACGTCCTCATTCCTAT-1","2","2_0"
"R1_ACTATCTAGTAATACG-1","2","2_3"
"R1_ACTATCTTCCCATAAG-1","2","2_0"
"R1_ACTATGGGTCCTGGTG-1","2","2_5"
"R1_ACTATTCTCAGACCTA-1","2","2_0"
"R1_ACTCTCGAGACGAGCT-1","2","2_0"
"R1_ACTCTCGCAGTTTCGA-1","2","2_0"
"R1_ACTCTCGTCGGAGATG-1","2","2_5"
"R1_ACTGATGTCGACCAAT-1","2","2_5"
"R1_ACTGCAAAGCCAAGGT-1","2","2_0"
"R1_ACTGCAAAGGTCACTT-1","2","2_0"
"R1_ACTGCAACAAGGTTGG-1","2","2_0"
"R1_ACTGTCCGTCCAGAAG-1","2","2_3"
"R1_ACTGTGATCGCAGTGC-1","2","2_0"
"R1_ACTTATCTCGCTCCTA-1","2","2_5"
"R1_ACTTCCGAGTGTAGTA-1","2","2_0"
"R1_ACTTCCGCATATGCGT-1","2","2_0"
"R1_ACTTTCAGTGGGACAT-1","2","2_3"
"R1_ACTTTCATCGACATAC-1","2","2_5"
"R1_ACTTTGTTCTCGTGGG-1","2","2_2"
"R1_AGAAATGCAAGCGCTC-1","2","2_5"
"R1_AGAAATGCAAGTGCTT-1","2","2_5"
"R1_AGAAATGGTTAGAGTA-1","2","2_0"
"R1_AGAAATGTCCAAAGGG-1","2","2_0"
"R1_AGAACAAAGTTCATCG-1","2","2_5"
"R1_AGAACCTAGCCGTTAT-1","2","2_0"
"R1_AGAAGCGCAGGCCTGT-1","2","2_0"
"R1_AGAAGTAAGATGGCAC-1","2","2_0"
"R1_AGAAGTATCAGTCAGT-1","2","2_0"
"R1_AGACAGGCAGGTCCCA-1","2","2_0"
"R1_AGACCATCAGTTAAAG-1","2","2_5"
"R1_AGAGAGCAGGGACACT-1","2","2_4"
"R1_AGAGAGCCATATTCGG-1","2","2_0"
"R1_AGAGAGCGTGACGTCC-1","2","2_0"
"R1_AGAGAGCTCATAAGGA-1","2","2_0"
"R1_AGAGCAGAGGACTTCT-1","2","2_0"
"R1_AGAGCAGGTAGCTCGC-1","2","2_4"
"R1_AGAGCAGTCAGAATAG-1","2","2_5"
"R1_AGATAGAAGGTTCCGC-1","2","2_0"
"R1_AGATCCACATAATGAG-1","2","2_8"
"R1_AGATCGTTCGCCAATA-1","2","2_0"
"R1_AGATCGTTCGTACACA-1","2","2_0"
"R1_AGCATCACAGGCACAA-1","2","2_0"
"R1_AGCCAATAGGCCCACT-1","2","2_0"
"R1_AGCCACGGTCGTCTCT-1","2","2_0"
"R1_AGCGCCAAGAAACACT-1","2","2_5"
"R1_AGCGCCATCCGTATGA-1","2","2_0"
"R1_AGCGCTGCACGTAGAG-1","2","2_5"
"R1_AGCGCTGGTTGGAGAC-1","2","2_0"
"R1_AGCGTATCAGCAGATG-1","2","2_0"
"R1_AGCGTCGTCCTTGAAG-1","2","2_0"
"R1_AGCTACACAGGTGGAT-1","2","2_3"
"R1_AGCTACAGTGTTCCTC-1","2","2_0"
"R1_AGCTACAGTTGGCCTG-1","2","2_5"
"R1_AGCTCAATCTCCTGAC-1","2","2_0"
"R1_AGCTTCCAGCTGAAGC-1","2","2_5"
"R1_AGGACGAAGTTACGTC-1","2","2_5"
"R1_AGGACTTAGCCTCTGG-1","2","2_0"
"R1_AGGAGGTCACTTGGGC-1","2","2_0"
"R1_AGGATAAAGAGGATCC-1","2","2_2"
"R1_AGGATAACAACTACGT-1","2","2_5"
"R1_AGGATAACAAGTCCCG-1","2","2_5"
"R1_AGGATCTGTCATAACC-1","2","2_3"
"R1_AGGCATTAGATTAGTG-1","2","2_0"
"R1_AGGCTGCAGGAGAGTA-1","2","2_0"
"R1_AGGCTGCCAGTCAGTT-1","2","2_4"
"R1_AGGGAGTGTCAAAGTA-1","2","2_0"
"R1_AGGGAGTGTGCTTATG-1","2","2_0"
"R1_AGGGCCTCAGGGAATC-1","2","2_0"
"R1_AGGGCTCCATAGCTGT-1","2","2_0"
"R1_AGGGTGACACTTGAGT-1","2","2_0"
"R1_AGGTAGGGTCTCACAA-1","2","2_2"
"R1_AGGTAGGGTTTCACAG-1","2","2_5"
"R1_AGGTAGGTCTATTGTC-1","2","2_2"
"R1_AGGTAGGTCTCCACTG-1","2","2_5"
"R1_AGGTCTAAGACGGTTG-1","2","2_0"
"R1_AGGTCTAGTAAGTTAG-1","2","2_0"
"R1_AGGTTGTCAGGGAATC-1","2","2_0"
"R1_AGGTTGTTCTTAGTTC-1","2","2_3"
"R1_AGTAACCCACCGCTGA-1","2","2_0"
"R1_AGTACTGAGCAGCCCT-1","2","2_5"
"R1_AGTACTGTCACTCGAA-1","2","2_0"
"R1_AGTCAACCAAAGGGCT-1","2","2_0"
"R1_AGTCAACCATAATCGC-1","2","2_0"
"R1_AGTCAACCATGAAGGC-1","2","2_0"
"R1_AGTCAACTCCTACACC-1","2","2_0"
"R1_AGTGACTAGCCACAAG-1","2","2_5"
"R1_AGTGACTAGGCACAAC-1","2","2_0"
"R1_AGTGCCGTCGCTCTCA-1","2","2_3"
"R1_AGTTAGCGTTTCGTAG-1","2","2_0"
"R1_ATACCGATCCAGCAAT-1","2","2_0"
"R1_ATAGAGATCGAGAATA-1","2","2_0"
"R1_ATAGAGATCGTTCTGC-1","2","2_0"
"R1_ATATCCTCACAATGTC-1","2","2_5"
"R1_ATCACGAGTTCCAGGC-1","2","2_0"
"R1_ATCACTTGTGACGCCT-1","2","2_5"
"R1_ATCATTCAGACTTCAC-1","2","2_1"
"R1_ATCATTCAGCTAATCC-1","2","2_5"
"R1_ATCATTCTCCGTACGG-1","2","2_0"
"R1_ATCCACCAGCTGTACT-1","2","2_0"
"R1_ATCCATTGTCCAACGC-1","2","2_0"
"R1_ATCCATTTCAAAGCCT-1","2","2_0"
"R1_ATCCCTGAGGCCTGCT-1","2","2_0"
"R1_ATCCGTCAGTGGAAAG-1","2","2_0"
"R1_ATCCGTCCAAGAGTTA-1","2","2_5"
"R1_ATCGATGCACGCAGTC-1","2","2_0"
"R1_ATCGCCTAGGTCACCC-1","2","2_0"
"R1_ATCGCCTGTACGCTAT-1","2","2_0"
"R1_ATCGGATAGTCTGGTT-1","2","2_0"
"R1_ATCGGATGTCATTCCC-1","2","2_0"
"R1_ATCGTCCTCTCCGATC-1","2","2_3"
"R1_ATCTCTATCATGGCCG-1","2","2_8"
"R1_ATGAGGGGTTCGGACC-1","2","2_5"
"R1_ATGAGTCGTCTCACGG-1","2","2_5"
"R1_ATGCATGAGTAGATCA-1","2","2_0"
"R1_ATGCATGTCGAAGGAC-1","2","2_0"
"R1_ATGCCTCCAAGAAATC-1","2","2_0"
"R1_ATGCGATGTCCTGAAT-1","2","2_0"
"R1_ATGCGATTCAGGAAGC-1","2","2_5"
"R1_ATGCGATTCCTACCGT-1","2","2_0"
"R1_ATGGAGGGTATACGGG-1","2","2_0"
"R1_ATGGAGGTCTCCGCAT-1","2","2_8"
"R1_ATGGATCCAGTCAGCC-1","2","2_0"
"R1_ATGTCCCAGGTTGGAC-1","2","2_0"
"R1_ATGTCTTAGAGTTGAT-1","2","2_0"
"R1_ATTATCCCATCAGCAT-1","2","2_5"
"R1_ATTCACTGTTCCAAAC-1","2","2_0"
"R1_ATTCCATAGGCCATAG-1","2","2_0"
"R1_ATTCCTAGTTTCGTGA-1","2","2_0"
"R1_ATTCGTTCACTAACCA-1","2","2_5"
"R1_ATTGGGTGTGAGCTCC-1","2","2_0"
"R1_ATTGGGTTCAGTCAGT-1","2","2_5"
"R1_ATTTCACAGCGTGTCC-1","2","2_1"
"R1_ATTTCACCAATTTCTC-1","2","2_0"
"R1_CAAAGAACAGGATTCT-1","2","2_2"
"R1_CAACAACGTCTTTATC-1","2","2_5"
"R1_CAACAGTAGAGCCGAT-1","2","2_8"
"R1_CAACAGTGTACACTCA-1","2","2_0"
"R1_CAACCTCAGGAGAATG-1","2","2_5"
"R1_CAACGGCAGCAACAAT-1","2","2_0"
"R1_CAAGACTCACTGTGTA-1","2","2_0"
"R1_CAAGAGGCAACTGCTA-1","2","2_0"
"R1_CAATACGGTGGAAATT-1","2","2_0"
"R1_CACAGGCGTCAGTCGC-1","2","2_0"
"R1_CACCGTTTCCATTCGC-1","2","2_0"
"R1_CACCGTTTCGCGTTTC-1","2","2_0"
"R1_CACGAATCAGTAGAAT-1","2","2_8"
"R1_CACGGGTTCATTGTGG-1","2","2_5"
"R1_CACGTTCCATCCGTGG-1","2","2_0"
"R1_CACTAAGTCCCTCTAG-1","2","2_5"
"R1_CACTGGGGTGACACAG-1","2","2_0"
"R1_CACTTCGGTAGAGGAA-1","2","2_5"
"R1_CAGATCAGTAAGCGGT-1","2","2_0"
"R1_CAGCAATCAGTGGGTA-1","2","2_5"
"R1_CAGCAGCCAATTGAAG-1","2","2_0"
"R1_CAGCGTGGTCTTGCGG-1","2","2_1"
"R1_CAGCGTGGTTCGGGTC-1","2","2_0"
"R1_CAGGCCAAGAGCAGTC-1","2","2_0"
"R1_CAGGCCACAGCGACAA-1","2","2_5"
"R1_CAGGGCTAGACCGCCT-1","2","2_0"
"R1_CAGGGCTAGTCCGCCA-1","2","2_0"
"R1_CAGGGCTCAACGGGTA-1","2","2_0"
"R1_CAGGTATGTTACCTGA-1","2","2_1"
"R1_CAGGTATTCATCTCTA-1","2","2_3"
"R1_CAGTGCGAGGTCGCCT-1","2","2_5"
"R1_CAGTTCCGTGGAAATT-1","2","2_0"
"R1_CATAAGCAGCCTCAGC-1","2","2_0"
"R1_CATAAGCTCCATCGTC-1","2","2_3"
"R1_CATACAGAGCGCCTCA-1","2","2_0"
"R1_CATACAGTCTCATAGG-1","2","2_0"
"R1_CATACCCGTACCCAGC-1","2","2_1"
"R1_CATCAAGGTTACACAC-1","2","2_4"
"R1_CATCGGGTCAGTGTTG-1","2","2_0"
"R1_CATCGTCGTATCGCTA-1","2","2_0"
"R1_CATGAGTAGGGCGAAG-1","2","2_5"
"R1_CATGAGTCAGACTGCC-1","2","2_3"
"R1_CATGCCTCAGTCCGTG-1","2","2_0"
"R1_CATGCCTGTGCATCTA-1","2","2_0"
"R1_CATGCTCTCAGTCTTT-1","2","2_2"
"R1_CATGGATGTAATTAGG-1","2","2_0"
"R1_CATGGATTCCATTGCC-1","2","2_0"
"R1_CATGGATTCTAGACAC-1","2","2_4"
"R1_CATTCATGTCCCGCAA-1","2","2_0"
"R1_CATTCCGAGTAGCAAT-1","2","2_0"
"R1_CATTCCGCAGCGACAA-1","2","2_4"
"R1_CATTCTAGTAGTGCGA-1","2","2_5"
"R1_CATTGAGCATCGTGGC-1","2","2_4"
"R1_CATTGAGGTGCGAACA-1","2","2_0"
"R1_CATTGCCGTAGGCAGT-1","2","2_2"
"R1_CATTGTTGTGAGTCAG-1","2","2_3"
"R1_CCAAGCGGTAAGATCA-1","2","2_0"
"R1_CCAATGATCTTGCAAG-1","2","2_5"
"R1_CCAATTTAGGATTACA-1","2","2_0"
"R1_CCACTTGAGTCGCTAT-1","2","2_3"
"R1_CCACTTGGTCCAGCAC-1","2","2_0"
"R1_CCATAAGAGTGCTCAT-1","2","2_0"
"R1_CCATAAGAGTTGGCGA-1","2","2_1"
"R1_CCCATTGCAGAGCGTA-1","2","2_0"
"R1_CCCGAAGCAAGCGCTC-1","2","2_5"
"R1_CCCGGAAAGCCTCAGC-1","2","2_0"
"R1_CCCTAACCATAATGCC-1","2","2_0"
"R1_CCCTAACGTTCAAGGG-1","2","2_5"
"R1_CCCTCAAGTCGTACAT-1","2","2_0"
"R1_CCCTTAGAGATGTAGT-1","2","2_0"
"R1_CCCTTAGCAGACAAAT-1","2","2_0"
"R1_CCGATCTCAACCACAT-1","2","2_0"
"R1_CCGATCTGTGAATGTA-1","2","2_0"
"R1_CCGATCTTCATTCGTT-1","2","2_0"
"R1_CCGATCTTCGTGTGAT-1","2","2_5"
"R1_CCGATGGCATAGTCAC-1","2","2_0"
"R1_CCGGACAGTGATTCAC-1","2","2_0"
"R1_CCGGACATCAGGGTAG-1","2","2_0"
"R1_CCGGGTATCATTGCTT-1","2","2_0"
"R1_CCGGTAGCATGCCGGT-1","2","2_0"
"R1_CCGTAGGTCATAGGCT-1","2","2_1"
"R1_CCTAACCGTCGTGGAA-1","2","2_0"
"R1_CCTAAGACACTGGAAG-1","2","2_5"
"R1_CCTATCGCACACTTAG-1","2","2_2"
"R1_CCTATCGCAGTAACAA-1","2","2_3"
"R1_CCTCTCCAGACCACGA-1","2","2_0"
"R1_CCTCTCCTCGGCTGGT-1","2","2_5"
"R1_CCTTCAGCAAGAGGCT-1","2","2_3"
"R1_CCTTCAGCACAACCGC-1","2","2_5"
"R1_CGAGTTAAGGTACATA-1","2","2_0"
"R1_CGAGTTATCGTGGGAA-1","2","2_0"
"R1_CGATCGGTCACAGTGT-1","2","2_0"
"R1_CGATCGGTCTGTCCGT-1","2","2_0"
"R1_CGATGCGTCATGCAGT-1","2","2_3"
"R1_CGCAGGTCAGACGATG-1","2","2_0"
"R1_CGCATAACATCGGCCA-1","2","2_0"
"R1_CGCATAATCATCGTAG-1","2","2_0"
"R1_CGCCAGAAGATACTGA-1","2","2_4"
"R1_CGCCAGAGTAGTCGTT-1","2","2_4"
"R1_CGGAACCAGACCTGGA-1","2","2_3"
"R1_CGGAATTGTACCTTCC-1","2","2_0"
"R1_CGGAATTGTGCAATAA-1","2","2_2"
"R1_CGGACACAGGTCACCC-1","2","2_6"
"R1_CGGACACTCTTGGATG-1","2","2_0"
"R1_CGGAGAAGTGATTCAC-1","2","2_5"
"R1_CGGCAGTGTCACTACA-1","2","2_0"
"R1_CGGCAGTTCACAGTGT-1","2","2_5"
"R1_CGGGCATGTCAAACGG-1","2","2_3"
"R1_CGTAAGTCAAATGGAT-1","2","2_5"
"R1_CGTAGTAAGACTCGAG-1","2","2_3"
"R1_CGTAGTAGTGGAGGTT-1","2","2_0"
"R1_CGTCAAATCCGACAGC-1","2","2_5"
"R1_CGTGATAAGTATGACA-1","2","2_0"
"R1_CGTGATACAGCTGAAG-1","2","2_5"
"R1_CGTGATATCAAGAGGC-1","2","2_5"
"R1_CTACATTAGCACTTTG-1","2","2_0"
"R1_CTACCTGTCAGTAGGG-1","2","2_2"
"R1_CTACGGGGTAGACACG-1","2","2_0"
"R1_CTATCCGGTCCAATCA-1","2","2_8"
"R1_CTATCCGGTCGCTTGG-1","2","2_2"
"R1_CTCAATTTCATCGGGC-1","2","2_0"
"R1_CTCAGAATCGCCAGAC-1","2","2_3"
"R1_CTCATCGAGCTTACGT-1","2","2_0"
"R1_CTCATCGTCAGCCTCT-1","2","2_0"
"R1_CTCATCGTCGCATTGA-1","2","2_5"
"R1_CTCCAACTCCGTCAAA-1","2","2_0"
"R1_CTCCACACAAGTGGGT-1","2","2_5"
"R1_CTCCATGTCCATTTCA-1","2","2_0"
"R1_CTCCTCCCAATCGAAA-1","2","2_0"
"R1_CTCCTCCGTGTTACAC-1","2","2_0"
"R1_CTCCTCCTCGAGATAA-1","2","2_5"
"R1_CTCCTTTAGCTACAAA-1","2","2_0"
"R1_CTCGAGGTCTGAGAGG-1","2","2_5"
"R1_CTCTCAGAGCCAAGTG-1","2","2_5"
"R1_CTCTCGAAGTGCAACG-1","2","2_8"
"R1_CTCTGGTGTCGTTCAA-1","2","2_0"
"R1_CTGAATGCATTGTCGA-1","2","2_8"
"R1_CTGAATGTCCTCGCAT-1","2","2_5"
"R1_CTGAGCGGTCACTCAA-1","2","2_0"
"R1_CTGAGCGTCCTCAGGG-1","2","2_0"
"R1_CTGAGCGTCGACCACG-1","2","2_0"
"R1_CTGAGGCGTTGCGTAT-1","2","2_5"
"R1_CTGCATCCATTCTGTT-1","2","2_0"
"R1_CTGCCATAGTATTGCC-1","2","2_0"
"R1_CTGCCTACAGTTTGGT-1","2","2_5"
"R1_CTGCCTACATGTTTGG-1","2","2_0"
"R1_CTGGACGCATAGATCC-1","2","2_0"
"R1_CTGGACGCATCCTTGC-1","2","2_3"
"R1_CTGTACCAGGAAAGGT-1","2","2_7"
"R1_CTGTACCTCCATCTAT-1","2","2_5"
"R1_CTGTGAAGTTCCGCTT-1","2","2_0"
"R1_CTGTGAATCTTCCACG-1","2","2_3"
"R1_CTGTGGGGTTGACTGT-1","2","2_5"
"R1_CTTCTAACACTACCCT-1","2","2_5"
"R1_CTTCTCTAGGATCATA-1","2","2_0"
"R1_CTTTCGGAGCCACAAG-1","2","2_0"
"R1_GAAACCTAGTTTCAGC-1","2","2_0"
"R1_GAACGTTAGGTAGATT-1","2","2_0"
"R1_GAACGTTGTGAGTCAG-1","2","2_0"
"R1_GAACTGTCAGAAACCG-1","2","2_3"
"R1_GAAGCCCGTCGTTCAA-1","2","2_0"
"R1_GAAGCGACAGTGTATC-1","2","2_4"
"R1_GAAGCGAGTAACACGG-1","2","2_0"
"R1_GAAGCGAGTGACACAG-1","2","2_0"
"R1_GAAGCGATCCCATACC-1","2","2_5"
"R1_GAATAGACACCGCTAG-1","2","2_0"
"R1_GAATAGAGTCTAGATC-1","2","2_2"
"R1_GAATCACAGTGCCGAA-1","2","2_0"
"R1_GAATCACCACTTGACA-1","2","2_0"
"R1_GAATCACCATGACTGT-1","2","2_4"
"R1_GACACGCGTGGACTGA-1","2","2_5"
"R1_GACAGCCTCTGAATGC-1","2","2_0"
"R1_GACCTTCCAACTCGTA-1","2","2_5"
"R1_GACGCTGAGACGATAT-1","2","2_8"
"R1_GACTATGCACATATGC-1","2","2_5"
"R1_GACTTCCTCTTAGGAC-1","2","2_3"
"R1_GAGAAATCATGGCTAT-1","2","2_5"
"R1_GAGAAATGTCGCAACC-1","2","2_2"
"R1_GAGACTTAGCTAGTTC-1","2","2_3"
"R1_GAGACTTTCAAGTGGG-1","2","2_0"
"R1_GAGACTTTCCCTCGTA-1","2","2_0"
"R1_GAGATGGAGACCAGCA-1","2","2_0"
"R1_GAGATGGAGTACCATC-1","2","2_0"
"R1_GAGCCTGGTCAAGCGA-1","2","2_3"
"R1_GAGGGTACACCAACAT-1","2","2_2"
"R1_GAGTCATCATCTAGAC-1","2","2_0"
"R1_GAGTCTACAGGTTCCG-1","2","2_3"
"R1_GAGTGAGGTCGTGATT-1","2","2_0"
"R1_GAGTGAGTCAAGATAG-1","2","2_0"
"R1_GAGTTTGGTACAAACA-1","2","2_3"
"R1_GATAGCTAGCAGCAGT-1","2","2_5"
"R1_GATAGCTGTATCGGTT-1","2","2_5"
"R1_GATCAGTTCAAGGAGC-1","2","2_0"
"R1_GATCATGAGAAACCCG-1","2","2_3"
"R1_GATCATGAGGTCACTT-1","2","2_0"
"R1_GATCCCTAGCTACAAA-1","2","2_5"
"R1_GATCCCTCAGGGTCTC-1","2","2_0"
"R1_GATCCCTGTGATCATC-1","2","2_3"
"R1_GATCGTATCCTTATCA-1","2","2_0"
"R1_GATGCTAAGTCATGAA-1","2","2_0"
"R1_GATGCTACAGTAACGG-1","2","2_2"
"R1_GATGGAGCATTCACAG-1","2","2_0"
"R1_GATGGAGGTCTTCCGT-1","2","2_5"
"R1_GATTCGAAGCACGTCC-1","2","2_0"
"R1_GATTCGACACTACAGT-1","2","2_5"
"R1_GATTCGAGTTATTCCT-1","2","2_0"
"R1_GATTCTTAGGACAAGA-1","2","2_5"
"R1_GATTCTTCAGGTCAAG-1","2","2_0"
"R1_GATTCTTGTGTGACCC-1","2","2_5"
"R1_GATTCTTTCGTCCATC-1","2","2_0"
"R1_GATTGGTAGTACCGGA-1","2","2_0"
"R1_GATTGGTGTGCTCTTC-1","2","2_0"
"R1_GATTTCTTCGGTGAAG-1","2","2_5"
"R1_GCAACATAGCAGCCCT-1","2","2_0"
"R1_GCAACATCACCACATA-1","2","2_0"
"R1_GCAACCGAGGCCTAAG-1","2","2_0"
"R1_GCAACCGTCGCCTATC-1","2","2_5"
"R1_GCACGGTTCGTCGACG-1","2","2_0"
"R1_GCACGTGGTCAAAGAT-1","2","2_0"
"R1_GCACTAAAGCCATGCC-1","2","2_2"
"R1_GCAGGCTAGGAACGTC-1","2","2_5"
"R1_GCATGATAGCACGTCC-1","2","2_4"
"R1_GCATGATCATCTTCGC-1","2","2_0"
"R1_GCATTAGTCTCAGGCG-1","2","2_0"
"R1_GCCAGCAAGAACTGAT-1","2","2_5"
"R1_GCCAGCAGTGGAGAAA-1","2","2_0"
"R1_GCCAGTGAGAAGGTAG-1","2","2_0"
"R1_GCCAGTGGTAATACCC-1","2","2_5"
"R1_GCCAGTGGTGATATAG-1","2","2_0"
"R1_GCCATGGAGGCCTAAG-1","2","2_5"
"R1_GCCATGGGTCCGAAAG-1","2","2_4"
"R1_GCCATGGTCCTACTGC-1","2","2_5"
"R1_GCCATGGTCGTCCATC-1","2","2_5"
"R1_GCCCGAAGTGCAGTGA-1","2","2_0"
"R1_GCCGTGATCCCGAGAC-1","2","2_3"
"R1_GCCTGTTTCAGGAAGC-1","2","2_0"
"R1_GCGATCGAGCGTACAG-1","2","2_2"
"R1_GCGATCGAGTGCGCTC-1","2","2_0"
"R1_GCGATCGGTATATGGA-1","2","2_0"
"R1_GCGTTTCTCGACACTA-1","2","2_0"
"R1_GCTACCTCAACCTAAC-1","2","2_2"
"R1_GCTGAATAGCTTTCTT-1","2","2_0"
"R1_GCTGAATGTGGGTCAA-1","2","2_0"
"R1_GCTTCACGTAGTCACT-1","2","2_2"
"R1_GGAACCCAGACTGAGC-1","2","2_2"
"R1_GGAACCCCACCGTACG-1","2","2_0"
"R1_GGAAGTGCATGAGGGT-1","2","2_0"
"R1_GGAATCTAGGACAGTC-1","2","2_0"
"R1_GGACGTCAGTTGTAGA-1","2","2_4"
"R1_GGACGTCCATTCTTCA-1","2","2_5"
"R1_GGACGTCGTTAAGTCC-1","2","2_0"
"R1_GGACGTCTCCACTAGA-1","2","2_0"
"R1_GGATCTACATGGATCT-1","2","2_0"
"R1_GGATCTAGTGACTCTA-1","2","2_2"
"R1_GGATGTTAGTCTCCTC-1","2","2_3"
"R1_GGCACGTAGAGAGCCT-1","2","2_5"
"R1_GGCACGTAGGCATTTC-1","2","2_0"
"R1_GGCAGTCCAGCGCGTT-1","2","2_0"
"R1_GGCAGTCGTAGTACGG-1","2","2_0"
"R1_GGCTTGGTCTTCGACC-1","2","2_8"
"R1_GGGACAAAGAATCCCT-1","2","2_0"
"R1_GGGACAAAGGAGAGTA-1","2","2_0"
"R1_GGGACAACACACCTGG-1","2","2_5"
"R1_GGGACAATCAAAGACA-1","2","2_0"
"R1_GGGACCTCAAGCGCTC-1","2","2_0"
"R1_GGGACTCGTAACACCT-1","2","2_0"
"R1_GGGCCATGTCTACGAT-1","2","2_0"
"R1_GGGCTACCAGAACCGA-1","2","2_5"
"R1_GGGCTACGTAGCGATG-1","2","2_3"
"R1_GGGCTACGTCGCTTAA-1","2","2_5"
"R1_GGGCTACTCGGCCAAC-1","2","2_5"
"R1_GGGCTCACACAGAAGC-1","2","2_0"
"R1_GGGTATTAGGTGCAGT-1","2","2_5"
"R1_GGGTCTGCAGCCTTCT-1","2","2_5"
"R1_GGGTGAATCGTGCAGC-1","2","2_0"
"R1_GGGTGTCTCCATAGAC-1","2","2_5"
"R1_GGGTTATTCGGAAGGT-1","2","2_0"
"R1_GGGTTTAAGGCACCAA-1","2","2_3"
"R1_GGGTTTAGTCATCGGC-1","2","2_5"
"R1_GGTAACTTCATGGATC-1","2","2_0"
"R1_GGTAACTTCGACATTG-1","2","2_2"
"R1_GGTAATCAGACCAAAT-1","2","2_5"
"R1_GGTAATCAGGTTACCT-1","2","2_0"
"R1_GGTAATCGTTGACGGA-1","2","2_5"
"R1_GGTAGAGAGTTGCGAG-1","2","2_3"
"R1_GGTCTGGAGAAATTCG-1","2","2_0"
"R1_GGTCTGGAGGCATCAG-1","2","2_0"
"R1_GGTGATTAGACCCTTA-1","2","2_3"
"R1_GGTGATTGTTCTTCAT-1","2","2_3"
"R1_GGTGATTTCAAGCCTA-1","2","2_5"
"R1_GGTGGCTTCGGAGTGA-1","2","2_5"
"R1_GGTGTCGGTACGTGAG-1","2","2_5"
"R1_GGTGTTAAGGTTGAGC-1","2","2_0"
"R1_GGTGTTATCAGGTAAA-1","2","2_1"
"R1_GGTTAACTCGGTGAAG-1","2","2_0"
"R1_GGTTCTCCACAAATGA-1","2","2_8"
"R1_GGTTCTCGTGTGATGG-1","2","2_0"
"R1_GTAACACTCGTGCAGC-1","2","2_0"
"R1_GTAAGTCCAAAGTATG-1","2","2_0"
"R1_GTAATGCGTATACCCA-1","2","2_0"
"R1_GTAGATCAGTGGTGGT-1","2","2_0"
"R1_GTAGCTAGTACTGTTG-1","2","2_5"
"R1_GTAGCTATCTGGCTGG-1","2","2_0"
"R1_GTAGGAGAGAGAGAAC-1","2","2_3"
"R1_GTAGGTTGTCATCGCG-1","2","2_2"
"R1_GTATTGGAGTGGATTA-1","2","2_5"
"R1_GTATTGGCATGAAGCG-1","2","2_6"
"R1_GTATTTCTCTAAGCGT-1","2","2_0"
"R1_GTCAAACCACGCTGAC-1","2","2_0"
"R1_GTCAAACGTAGCTGTT-1","2","2_0"
"R1_GTCACGGTCTGGCTGG-1","2","2_0"
"R1_GTCAGCGGTATCAGGG-1","2","2_0"
"R1_GTCATCCAGTGCCTCG-1","2","2_0"
"R1_GTCATTTAGTCGAGGT-1","2","2_0"
"R1_GTCCACTCAAAGGCGT-1","2","2_8"
"R1_GTCCCATGTACCACGC-1","2","2_0"
"R1_GTCCTCAGTGACTGAG-1","2","2_8"
"R1_GTCGAATAGAGATGCC-1","2","2_5"
"R1_GTCGAATCATGAGATA-1","2","2_5"
"R1_GTCGTTCTCGAGAGAC-1","2","2_0"
"R1_GTCTAGAAGTGCAGCA-1","2","2_0"
"R1_GTCTGTCGTCGTGTTA-1","2","2_8"
"R1_GTCTGTCTCCGCGAGT-1","2","2_5"
"R1_GTGACGCGTGAATGAT-1","2","2_5"
"R1_GTGAGGATCAACTACG-1","2","2_5"
"R1_GTGAGTTGTGAGCGAT-1","2","2_0"
"R1_GTGCACGTCGTGCACG-1","2","2_0"
"R1_GTGCGTGAGAGCATCG-1","2","2_0"
"R1_GTGCGTGCAATCGCAT-1","2","2_5"
"R1_GTGCTGGGTACAACGG-1","2","2_0"
"R1_GTGCTGGGTGAATGTA-1","2","2_3"
"R1_GTGCTTCCAATGCAAA-1","2","2_0"
"R1_GTGCTTCGTACATTGC-1","2","2_2"
"R1_GTGGAAGGTGTCACAT-1","2","2_5"
"R1_GTGGAAGTCGTCAAAC-1","2","2_5"
"R1_GTGGCGTGTGTCATCA-1","2","2_5"
"R1_GTGGGAATCGCAGAGA-1","2","2_0"
"R1_GTGGTTACAGCCGTCA-1","2","2_3"
"R1_GTGGTTACAGTAGAAT-1","2","2_0"
"R1_GTGGTTATCTGCGTCT-1","2","2_5"
"R1_GTGTAACAGAGAGCGG-1","2","2_0"
"R1_GTGTAACCAATAGGAT-1","2","2_5"
"R1_GTGTGATAGATCCAAA-1","2","2_0"
"R1_GTGTGATAGGGATCGT-1","2","2_2"
"R1_GTGTGATAGTACCGGA-1","2","2_0"
"R1_GTGTGATCATCTCAAG-1","2","2_8"
"R1_GTGTTAGGTAACCCGC-1","2","2_0"
"R1_GTGTTAGTCAACCGAT-1","2","2_4"
"R1_GTGTTCCCAACCAGAG-1","2","2_0"
"R1_GTTACAGAGGGCGAGA-1","2","2_0"
"R1_GTTACCCAGCCATATC-1","2","2_4"
"R1_GTTACGACAAGAAATC-1","2","2_0"
"R1_GTTACGACATGCCGAC-1","2","2_0"
"R1_GTTACGATCCGTACGG-1","2","2_4"
"R1_GTTACGATCGACCAAT-1","2","2_0"
"R1_GTTCATTGTTTGGGTT-1","2","2_0"
"R1_GTTCTATGTGGCAACA-1","2","2_0"
"R1_GTTCTATGTGTATTCG-1","2","2_0"
"R1_GTTGAACTCGTGTTCC-1","2","2_6"
"R1_GTTGCGGAGCGACTTT-1","2","2_0"
"R1_GTTGCGGCACGACGAA-1","2","2_0"
"R1_GTTGCGGCATACAGCT-1","2","2_0"
"R1_GTTTGGACATACACCA-1","2","2_0"
"R1_TAACCAGAGTTACGGG-1","2","2_0"
"R1_TAACCAGGTTCCTTGC-1","2","2_0"
"R1_TAACTTCGTTAGGAGC-1","2","2_5"
"R1_TAAGCACCAACTGCCG-1","2","2_0"
"R1_TAAGCACTCCGGACGT-1","2","2_3"
"R1_TAAGCCAAGACATAAC-1","2","2_3"
"R1_TAAGCCACAGCTACAT-1","2","2_3"
"R1_TAAGCCATCAGTGTGT-1","2","2_0"
"R1_TAAGTCGCAATTGCCA-1","2","2_5"
"R1_TAAGTCGGTCTACAAC-1","2","2_0"
"R1_TAATCTCTCGTTGTAG-1","2","2_0"
"R1_TACAACGGTTGGGATG-1","2","2_0"
"R1_TACAGGTAGCGTGTCC-1","2","2_8"
"R1_TACCGAACAACTCATG-1","2","2_5"
"R1_TACCGAACAATTTCGG-1","2","2_8"
"R1_TACCTCGAGCCTGTCG-1","2","2_0"
"R1_TACCTGCCAGTGGCTC-1","2","2_0"
"R1_TACCTGCGTATCAAGA-1","2","2_5"
"R1_TACGTCCCAGTGGGTA-1","2","2_5"
"R1_TACTGCCCAAGACGAC-1","2","2_0"
"R1_TACTGCCTCGTAGCTA-1","2","2_4"
"R1_TACTTCACACGGTGAA-1","2","2_0"
"R1_TACTTGTAGTAGGCCA-1","2","2_0"
"R1_TACTTGTTCCACAAGT-1","2","2_0"
"R1_TAGACCAGTGTACATC-1","2","2_2"
"R1_TAGAGTCCACTGTTCC-1","2","2_1"
"R1_TAGATCGAGAGGACTC-1","2","2_0"
"R1_TAGCACACATGATGCT-1","2","2_5"
"R1_TAGGGTTGTACTCGTA-1","2","2_3"
"R1_TAGGGTTTCTCGGGAC-1","2","2_5"
"R1_TAGGTACGTCGACGCT-1","2","2_0"
"R1_TAGTGCAGTTTCGTTT-1","2","2_0"
"R1_TATCAGGGTTCCTTGC-1","2","2_5"
"R1_TATCAGGTCTTGATTC-1","2","2_3"
"R1_TATCGCCGTCCTCATC-1","2","2_0"
"R1_TATCTGTGTCTCTCAC-1","2","2_2"
"R1_TATCTTGAGAAGGGAT-1","2","2_5"
"R1_TATGTTCAGATTCGCT-1","2","2_0"
"R1_TATGTTCCAAGAGTAT-1","2","2_3"
"R1_TATGTTCGTGTCTTAG-1","2","2_0"
"R1_TATGTTCTCAACGTGT-1","2","2_0"
"R1_TATTGCTTCTTTGCGC-1","2","2_0"
"R1_TATTGGGGTGGCTAGA-1","2","2_5"
"R1_TATTTCGTCTCAGTCC-1","2","2_0"
"R1_TATTTCGTCTCCGAGG-1","2","2_0"
"R1_TCAAGACCATACTGAC-1","2","2_0"
"R1_TCAAGACGTTAGCTAC-1","2","2_0"
"R1_TCAAGCAAGGATTACA-1","2","2_0"
"R1_TCACAAGAGCCTAGGA-1","2","2_8"
"R1_TCACACCAGTCATGGG-1","2","2_0"
"R1_TCACACCTCTCGAACA-1","2","2_5"
"R1_TCACATTTCATGCTAG-1","2","2_5"
"R1_TCACGCTAGGGCAAGG-1","2","2_0"
"R1_TCACGCTGTAATCAAG-1","2","2_5"
"R1_TCACGGGCATGCCATA-1","2","2_1"
"R1_TCACGGGTCACTGGTA-1","2","2_3"
"R1_TCACTATTCCGTGGCA-1","2","2_5"
"R1_TCAGCAATCTGCGGAC-1","2","2_2"
"R1_TCAGCCTCAGAGTCAG-1","2","2_0"
"R1_TCAGGGCGTCTTGGTA-1","2","2_0"
"R1_TCAGGGCTCAGGAGAC-1","2","2_0"
"R1_TCAGGTACAATTTCTC-1","2","2_0"
"R1_TCAGTCCAGATGGCGT-1","2","2_5"
"R1_TCAGTGAAGAGCTTTC-1","2","2_5"
"R1_TCAGTGATCGACGCGT-1","2","2_0"
"R1_TCAGTTTCAGCTCTGG-1","2","2_0"
"R1_TCATATCGTCTACACA-1","2","2_0"
"R1_TCATCCGAGGGAGGTG-1","2","2_0"
"R1_TCATCCGGTCTCTCAC-1","2","2_5"
"R1_TCATCCGTCTCGACGG-1","2","2_0"
"R1_TCATGAGGTAGCTTGT-1","2","2_0"
"R1_TCATGGAAGGTATTGA-1","2","2_3"
"R1_TCATGGAAGTTATGGA-1","2","2_0"
"R1_TCATGGACACCAGTAT-1","2","2_5"
"R1_TCATGGACACCCTTAC-1","2","2_3"
"R1_TCATGGAGTGACCGAA-1","2","2_2"
"R1_TCATGTTAGAGGGTCT-1","2","2_8"
"R1_TCATTACCAGAACTTC-1","2","2_0"
"R1_TCATTACCAGAGGGTT-1","2","2_0"
"R1_TCATTACGTCCCTGTT-1","2","2_0"
"R1_TCATTCACACTTGTGA-1","2","2_0"
"R1_TCCACGTAGGAACGAA-1","2","2_0"
"R1_TCCAGAACAACGATTC-1","2","2_0"
"R1_TCCATGCTCATAAGGA-1","2","2_0"
"R1_TCCCACACAGGTGAGT-1","2","2_0"
"R1_TCCCAGTTCGTGGCGT-1","2","2_3"
"R1_TCCCATGCACTTGTCC-1","2","2_5"
"R1_TCCGAAAGTCACTCGG-1","2","2_5"
"R1_TCCGGGATCCGCATAA-1","2","2_0"
"R1_TCCTAATTCATAGCAC-1","2","2_0"
"R1_TCCTAATTCGCTTTAT-1","2","2_5"
"R1_TCCTCCCCAGTGGTGA-1","2","2_0"
"R1_TCCTTCTTCCCAGCGA-1","2","2_0"
"R1_TCGAACAAGTGCGTCC-1","2","2_0"
"R1_TCGAACATCAACTGGT-1","2","2_0"
"R1_TCGAAGTAGCCGAATG-1","2","2_3"
"R1_TCGAAGTGTAGTGTGG-1","2","2_0"
"R1_TCGACGGGTTGTGGCC-1","2","2_0"
"R1_TCGCACTAGGCCTAGA-1","2","2_0"
"R1_TCGCACTCACTCTAGA-1","2","2_5"
"R1_TCGCAGGGTCGAATGG-1","2","2_3"
"R1_TCGCAGGGTGTCCAAT-1","2","2_0"
"R1_TCGCTCATCCCGTTGT-1","2","2_0"
"R1_TCGCTTGGTGCACGCT-1","2","2_0"
"R1_TCGGATATCGTGCGAC-1","2","2_0"
"R1_TCGGGACGTAGTCTGT-1","2","2_0"
"R1_TCGGGCAGTAACAAGT-1","2","2_0"
"R1_TCGGGCATCGATTCCC-1","2","2_0"
"R1_TCGGGTGTCCTACGGG-1","2","2_5"
"R1_TCGTGCTGTAATGTGA-1","2","2_0"
"R1_TCGTGGGAGACGACGT-1","2","2_0"
"R1_TCTAACTCAGTGCCTG-1","2","2_0"
"R1_TCTACATCACATACTG-1","2","2_0"
"R1_TCTACCGCACGGAAGT-1","2","2_0"
"R1_TCTATACAGATACCAA-1","2","2_0"
"R1_TCTATACAGCACTGGA-1","2","2_5"
"R1_TCTATACGTTAGTTCG-1","2","2_0"
"R1_TCTATCACAAGTGATA-1","2","2_0"
"R1_TCTCAGCGTCTAACGT-1","2","2_5"
"R1_TCTCTGGAGTCATAGA-1","2","2_2"
"R1_TCTCTGGGTGATCGTT-1","2","2_8"
"R1_TCTGCCAAGATGTTGA-1","2","2_3"
"R1_TCTGCCATCCTGGGTG-1","2","2_0"
"R1_TCTGGCTAGATAGGGA-1","2","2_0"
"R1_TCTTAGTGTACTCCGG-1","2","2_4"
"R1_TCTTCCTGTGCGAACA-1","2","2_0"
"R1_TCTTCCTTCGATGCTA-1","2","2_0"
"R1_TGAACGTCAGGTGGAT-1","2","2_0"
"R1_TGAACGTGTCGAGCTC-1","2","2_2"
"R1_TGAATCGGTGCTCTCT-1","2","2_5"
"R1_TGAATCGTCCGACAGC-1","2","2_0"
"R1_TGAATCGTCGCAATGT-1","2","2_5"
"R1_TGACCCTGTAAGTCAA-1","2","2_5"
"R1_TGACCCTTCTACTGAG-1","2","2_0"
"R1_TGACCCTTCTATCCAT-1","2","2_4"
"R1_TGACGCGCAGGGCTTC-1","2","2_0"
"R1_TGAGTCACATCCTATT-1","2","2_5"
"R1_TGAGTCAGTGTTCGAT-1","2","2_0"
"R1_TGAGTCATCTACTCAT-1","2","2_0"
"R1_TGATGCATCGCTGATA-1","2","2_0"
"R1_TGCAGGCTCAGTCATG-1","2","2_0"
"R1_TGCAGTATCGCTGCGA-1","2","2_0"
"R1_TGCATCCCACTCACTC-1","2","2_5"
"R1_TGCATGAGTCCCGGTA-1","2","2_1"
"R1_TGCCGAGAGCGAACTG-1","2","2_0"
"R1_TGCGGCAAGATGCTAA-1","2","2_8"
"R1_TGCGGCAGTAGCCCTG-1","2","2_0"
"R1_TGCGGGTAGAAGTCTA-1","2","2_0"
"R1_TGCGGGTCACTTGTGA-1","2","2_5"
"R1_TGCGGGTGTTTGGAAA-1","2","2_0"
"R1_TGCTGAAAGGGCAGAG-1","2","2_5"
"R1_TGCTGAAGTACGTGTT-1","2","2_0"
"R1_TGCTGAAGTTCCTAAG-1","2","2_8"
"R1_TGCTTCGGTTGTTGCA-1","2","2_5"
"R1_TGCTTGCAGTTAACAG-1","2","2_0"
"R1_TGCTTGCCAGGCCCTA-1","2","2_0"
"R1_TGCTTGCGTCTTTCAT-1","2","2_5"
"R1_TGGAACTAGGATTTAG-1","2","2_0"
"R1_TGGAGAGAGGACTATA-1","2","2_2"
"R1_TGGAGAGTCGATAACC-1","2","2_0"
"R1_TGGAGGACAGGCATTT-1","2","2_0"
"R1_TGGAGGAGTTCCGCAG-1","2","2_5"
"R1_TGGAGGATCGCGTTTC-1","2","2_0"
"R1_TGGATCAAGTCCCGGT-1","2","2_5"
"R1_TGGATCACACCGTGCA-1","2","2_5"
"R1_TGGATCACAGGGATAC-1","2","2_0"
"R1_TGGATCAGTCTTGAAC-1","2","2_5"
"R1_TGGATGTGTAGAATAC-1","2","2_0"
"R1_TGGCGTGCAATTAGGA-1","2","2_0"
"R1_TGGGAAGTCTCCGCAT-1","2","2_0"
"R1_TGGGAGACATCACCAA-1","2","2_0"
"R1_TGGGATTAGGTACAGC-1","2","2_0"
"R1_TGGGATTGTGGCCTCA-1","2","2_5"
"R1_TGGGCGTGTTGTTGCA-1","2","2_0"
"R1_TGGGCTGGTAACACGG-1","2","2_5"
"R1_TGGGTTACACGAGGTA-1","2","2_4"
"R1_TGGGTTATCTGCACCT-1","2","2_0"
"R1_TGGTTAGGTTTGAAAG-1","2","2_0"
"R1_TGTAACGAGTTCTCTT-1","2","2_0"
"R1_TGTACAGGTAGCGTAG-1","2","2_3"
"R1_TGTAGACCACATATCG-1","2","2_0"
"R1_TGTCAGAAGTCTGGTT-1","2","2_5"
"R1_TGTCCCAGTCGTGGTC-1","2","2_5"
"R1_TGTCCTGCACCCTGTT-1","2","2_2"
"R1_TGTCCTGTCCTCGATC-1","2","2_0"
"R1_TGTGAGTGTCATAGTC-1","2","2_0"
"R1_TGTGGCGAGAGTATAC-1","2","2_0"
"R1_TGTGTGAAGGAATTAC-1","2","2_0"
"R1_TGTGTGAGTAACGTTC-1","2","2_5"
"R1_TGTTCATCAGGAATAT-1","2","2_0"
"R1_TGTTCATTCCGCAACG-1","2","2_0"
"R1_TGTTCCGGTAGACAAT-1","2","2_3"
"R1_TGTTCTAAGGACACTG-1","2","2_3"
"R1_TGTTCTACATCCTAAG-1","2","2_5"
"R1_TGTTGAGGTGGTTCTA-1","2","2_1"
"R1_TTACAGGGTGCCCACA-1","2","2_8"
"R1_TTACCGCGTAGTCGGA-1","2","2_0"
"R1_TTACGCCGTAACAGTA-1","2","2_5"
"R1_TTACTGTGTAACCAGG-1","2","2_5"
"R1_TTAGGGTGTTCAACGT-1","2","2_5"
"R1_TTAGTCTGTACGTGAG-1","2","2_0"
"R1_TTAGTCTGTATGCGTT-1","2","2_0"
"R1_TTAGTCTGTTCGAACT-1","2","2_0"
"R1_TTAGTCTTCATGCCGG-1","2","2_0"
"R1_TTATTGCCATCGCTGG-1","2","2_2"
"R1_TTCAATCCACTTACAG-1","2","2_0"
"R1_TTCACCGAGCGTGTCC-1","2","2_0"
"R1_TTCACCGCAGACAAGC-1","2","2_8"
"R1_TTCACGCAGAGGTCAC-1","2","2_1"
"R1_TTCACGCAGTGGATAT-1","2","2_0"
"R1_TTCATGTCAATTTCTC-1","2","2_0"
"R1_TTCATTGAGAAACTGT-1","2","2_0"
"R1_TTCCAATAGAGTGAAG-1","2","2_0"
"R1_TTCCACGAGGTGGCTA-1","2","2_0"
"R1_TTCCGGTTCATCGACA-1","2","2_0"
"R1_TTCCTAATCTCTAAGG-1","2","2_0"
"R1_TTCTAGTCATATCTGG-1","2","2_5"
"R1_TTCTCTCTCTGGCCGA-1","2","2_3"
"R1_TTCTGTAGTATTGACC-1","2","2_0"
"R1_TTCTGTATCTTCGTAT-1","2","2_0"
"R1_TTCTTGACACAAAGCG-1","2","2_0"
"R1_TTGAACGTCATAGACC-1","2","2_0"
"R1_TTGACCCAGCATTGAA-1","2","2_0"
"R1_TTGAGTGCACGCCACA-1","2","2_5"
"R1_TTGATGGGTACATTGC-1","2","2_5"
"R1_TTGCATTTCCGATGCG-1","2","2_0"
"R1_TTGCCTGGTAACACCT-1","2","2_0"
"R1_TTGCGTCTCATTCTTG-1","2","2_2"
"R1_TTGCTGCCAATACGCT-1","2","2_5"
"R1_TTGCTGCCATACTGAC-1","2","2_0"
"R1_TTGCTGCTCTGTAAGC-1","2","2_0"
"R1_TTGGATGGTCAGTTTG-1","2","2_5"
"R1_TTGGGATAGCTTAGTC-1","2","2_0"
"R1_TTGGGATTCGACATCA-1","2","2_0"
"R1_TTGGGCGAGGTACTGG-1","2","2_0"
"R1_TTGGGCGCAATCCTTT-1","2","2_0"
"R1_TTGGGTAAGGTTCTAC-1","2","2_1"
"R1_TTGGGTAGTTAAACAG-1","2","2_0"
"R1_TTGGTTTAGGATTCAA-1","2","2_1"
"R1_TTGTGGAAGCGTATGG-1","2","2_0"
"R1_TTGTTGTAGACATAGT-1","2","2_5"
"R1_TTGTTGTCAAGTTCGT-1","2","2_0"
"R1_TTGTTGTTCGATTCCC-1","2","2_5"
"R1_TTGTTTGAGTATGCAA-1","2","2_3"
"R1_TTGTTTGAGTCATCGT-1","2","2_5"
"R1_TTTACCACATGACGTT-1","2","2_0"
"R1_TTTACGTGTTCTTAGG-1","2","2_0"
"R1_TTTACTGAGTAACCTC-1","2","2_0"
"R1_TTTATGCAGCTGTGCC-1","2","2_3"
"R1_TTTCACACAGTCGCTG-1","2","2_0"
"R1_TTTCAGTCACGGTGTC-1","2","2_0"
"R1_TTTCAGTTCTCTGCTG-1","2","2_0"
"R1_TTTCATGAGGCGAACT-1","2","2_0"
"R1_TTTCATGTCAGCTGAT-1","2","2_0"
"R1_TTTCCTCGTCCTCCTA-1","2","2_0"
"R1_TTTCGATCACAAATCC-1","2","2_0"
"R1_TTTGACTGTTCTCCAC-1","2","2_0"
"R1_TTTGGAGAGCTGCGAA-1","2","2_0"
"R1_TTTGGTTCAATGAAAC-1","2","2_3"
"R1_TTTGGTTGTATGACAA-1","2","2_0"
"R1_TTTGTTGCAAGCGCTC-1","2","2_0"
"R1_TTTGTTGGTGACAGGT-1","2","2_5"
"R2_AAACCCACACGCTGAC-1","2","2_4"
"R2_AAAGAACAGGTAGCAC-1","2","2_3"
"R2_AAAGAACTCGCCAGTG-1","2","2_3"
"R2_AAAGGATTCAGCTAGT-1","2","2_4"
"R2_AAAGGTACATGGCTAT-1","2","2_3"
"R2_AACACACCATCCGATA-1","2","2_2"
"R2_AACCTGAGTTGTCAGT-1","2","2_3"
"R2_AACGTCATCAAATGCC-1","2","2_3"
"R2_AACTTCTAGTGGACTG-1","2","2_0"
"R2_AAGAACAAGGACACTG-1","2","2_8"
"R2_AAGAACAAGGATAATC-1","2","2_3"
"R2_AAGCGTTGTGCACGCT-1","2","2_3"
"R2_AAGGTAATCTACTATC-1","2","2_3"
"R2_AAGTCGTAGCTGACTT-1","2","2_0"
"R2_AATCGACTCGTCTCAC-1","2","2_3"
"R2_AATGAAGGTCGGTGTC-1","2","2_3"
"R2_AATGACCCAGCAGTAG-1","2","2_3"
"R2_AATGGCTTCCAATCTT-1","2","2_0"
"R2_ACAACCAAGAGCGACT-1","2","2_0"
"R2_ACACCAAGTAACTGCT-1","2","2_5"
"R2_ACAGCCGGTGAGAGGG-1","2","2_5"
"R2_ACATCCCTCTTCCGTG-1","2","2_3"
"R2_ACCCAAAAGCCAAGTG-1","2","2_3"
"R2_ACCTACCGTCGACGCT-1","2","2_0"
"R2_ACCTGTCAGTTCTCTT-1","2","2_8"
"R2_ACGATGTGTGATTAGA-1","2","2_4"
"R2_ACGGTTAGTTAAGAAC-1","2","2_4"
"R2_ACGTACACAAGAGTTA-1","2","2_2"
"R2_ACGTAGTCAAGGCCTC-1","2","2_3"
"R2_ACTATCTTCCATTGCC-1","2","2_3"
"R2_ACTATCTTCTGCCTCA-1","2","2_3"
"R2_ACTATGGAGCCTGCCA-1","2","2_4"
"R2_ACTTATCAGGTACAAT-1","2","2_3"
"R2_ACTTCCGGTGCTGCAC-1","2","2_2"
"R2_ACTTTCACATCCGAAT-1","2","2_5"
"R2_AGAACCTCATATTCGG-1","2","2_3"
"R2_AGAAGTAAGTTGTACC-1","2","2_8"
"R2_AGACCCGTCGTAGCTA-1","2","2_3"
"R2_AGACTCAAGAGGATCC-1","2","2_3"
"R2_AGAGCAGAGTGTTCAC-1","2","2_3"
"R2_AGAGCCCCACCTCTAC-1","2","2_5"
"R2_AGATAGACATTGTACG-1","2","2_3"
"R2_AGCTCAATCTTGTTAC-1","2","2_3"
"R2_AGCTTCCCACACTGGC-1","2","2_5"
"R2_AGGAAATAGCTGCCTG-1","2","2_1"
"R2_AGGACGATCACTTCTA-1","2","2_0"
"R2_AGGAGGTAGCCAGAGT-1","2","2_3"
"R2_AGGAGGTGTACGGATG-1","2","2_3"
"R2_AGGGTGAAGACTACGG-1","2","2_2"
"R2_AGGGTTTAGTTAGAAC-1","2","2_3"
"R2_AGGTCTAAGGATCATA-1","2","2_5"
"R2_AGTAACCTCCTCACTG-1","2","2_3"
"R2_AGTACCACACGCTATA-1","2","2_3"
"R2_AGTAGCTAGTGTTGTC-1","2","2_0"
"R2_AGTCATGAGGAGATAG-1","2","2_0"
"R2_AGTCATGTCGTAGCTA-1","2","2_4"
"R2_AGTCTCCAGACGGAAA-1","2","2_3"
"R2_AGTCTCCAGTATAGGT-1","2","2_3"
"R2_AGTCTCCGTAGGTTTC-1","2","2_0"
"R2_AGTGACTCAATCTCTT-1","2","2_3"
"R2_AGTTAGCAGTTGGCTT-1","2","2_3"
"R2_AGTTCGAAGTAACCTC-1","2","2_3"
"R2_ATATCCTGTGCCCAGT-1","2","2_3"
"R2_ATCCGTCCAGTCAGCC-1","2","2_3"
"R2_ATCGATGTCTAAGAAG-1","2","2_3"
"R2_ATCGGATGTCACCGCA-1","2","2_3"
"R2_ATCGTCCCATGGGCAA-1","2","2_8"
"R2_ATCGTGATCAGCACCG-1","2","2_3"
"R2_ATCGTGATCCATGATG-1","2","2_3"
"R2_ATCGTGATCTCGGTAA-1","2","2_3"
"R2_ATGAAAGAGTAGTCCT-1","2","2_4"
"R2_ATGACCACACTGATTG-1","2","2_0"
"R2_ATGACCAGTACTAGCT-1","2","2_3"
"R2_ATGATCGTCAAGAGGC-1","2","2_3"
"R2_ATGGTTGGTTCCGCTT-1","2","2_4"
"R2_ATGTCTTAGCCTTGAT-1","2","2_3"
"R2_ATTATCCAGGACGCAT-1","2","2_3"
"R2_ATTCACTCAACGGTAG-1","2","2_3"
"R2_ATTCATCAGGAACGCT-1","2","2_4"
"R2_ATTCCATGTAGGCAGT-1","2","2_4"
"R2_ATTCTACGTCTCACGG-1","2","2_4"
"R2_ATTGGGTGTAGCGTTT-1","2","2_3"
"R2_ATTGGGTTCGCTAAAC-1","2","2_4"
"R2_CAACAACCAGGCTCTG-1","2","2_3"
"R2_CAACAGTAGATGATTG-1","2","2_3"
"R2_CAACCTCTCTCAAAGC-1","2","2_3"
"R2_CAATACGCACGTAGTT-1","2","2_3"
"R2_CAATCGACAACCACAT-1","2","2_3"
"R2_CAATCGATCGTGCACG-1","2","2_0"
"R2_CAATGACCAACCACAT-1","2","2_3"
"R2_CACAACAGTCGCCACA-1","2","2_0"
"R2_CACAACATCGAACCTA-1","2","2_4"
"R2_CACACAAGTGCCTGAC-1","2","2_3"
"R2_CACACAATCACTAGCA-1","2","2_0"
"R2_CACATGAAGACAAGCC-1","2","2_3"
"R2_CACCAAAGTTCTCCCA-1","2","2_3"
"R2_CACCGTTGTCTATGAC-1","2","2_1"
"R2_CACGTTCTCGTACACA-1","2","2_1"
"R2_CAGCACGAGGGTGAGG-1","2","2_5"
"R2_CAGCACGTCTTTACAC-1","2","2_1"
"R2_CAGGCCATCTGCAGCG-1","2","2_8"
"R2_CAGGGCTCATCGAAGG-1","2","2_0"
"R2_CAGTGCGAGCTTACGT-1","2","2_4"
"R2_CAGTGCGGTCGTGCCA-1","2","2_3"
"R2_CATTGAGAGCCATATC-1","2","2_3"
"R2_CATTGAGAGCGAATGC-1","2","2_3"
"R2_CCAATGATCCTACGGG-1","2","2_3"
"R2_CCACACTCATCCGATA-1","2","2_5"
"R2_CCACACTTCCACGTGG-1","2","2_0"
"R2_CCACTTGAGCCATATC-1","2","2_5"
"R2_CCCAACTGTCAGATTC-1","2","2_0"
"R2_CCCTCAAGTCGCGGTT-1","2","2_3"
"R2_CCCTCTCTCTTCGTGC-1","2","2_3"
"R2_CCCTTAGCAGAACTAA-1","2","2_4"
"R2_CCGATCTGTCGGTGAA-1","2","2_4"
"R2_CCGATGGCAACCGATT-1","2","2_4"
"R2_CCGCAAGCATTGTACG-1","2","2_3"
"R2_CCGGACAGTAGTGGCA-1","2","2_3"
"R2_CCGGACATCTAGTACG-1","2","2_4"
"R2_CCGGTAGAGACTCCGC-1","2","2_5"
"R2_CCTAACCAGGTCATTC-1","2","2_3"
"R2_CCTAACCTCGTGTTCC-1","2","2_3"
"R2_CCTATCGGTGAATGTA-1","2","2_8"
"R2_CCTCAACTCCGAGGCT-1","2","2_3"
"R2_CCTCACATCGCTAGCG-1","2","2_3"
"R2_CCTCAGTCAAGGACAC-1","2","2_5"
"R2_CCTCAGTCACACACTA-1","2","2_3"
"R2_CCTGCATCAGGTCCCA-1","2","2_4"
"R2_CGACAGCGTAAGAACT-1","2","2_3"
"R2_CGAGAAGTCATGGGAG-1","2","2_0"
"R2_CGAGGCTAGTCAGAGC-1","2","2_4"
"R2_CGAGGCTCATCGTGCG-1","2","2_1"
"R2_CGAGTTACACGAGGTA-1","2","2_0"
"R2_CGATGCGGTTATAGCC-1","2","2_3"
"R2_CGATGCGTCAGAATAG-1","2","2_2"
"R2_CGCATGGCAAATTGCC-1","2","2_3"
"R2_CGGCAGTCAGCACAAG-1","2","2_3"
"R2_CGTCCATCAATTGCAC-1","2","2_3"
"R2_CGTCCATGTATCACGT-1","2","2_3"
"R2_CGTGATACACCAAAGG-1","2","2_3"
"R2_CGTGCTTGTTACACAC-1","2","2_2"
"R2_CGTTAGAAGATTCGCT-1","2","2_1"
"R2_CGTTAGATCGAGATAA-1","2","2_0"
"R2_CTACATTGTCGCACAC-1","2","2_4"
"R2_CTACATTTCTAGCCTC-1","2","2_3"
"R2_CTACCTGTCAGCTCTC-1","2","2_2"
"R2_CTAGACATCCAAACCA-1","2","2_1"
"R2_CTATCCGGTGGGTCAA-1","2","2_4"
"R2_CTCAACCGTTTGGGAG-1","2","2_4"
"R2_CTCACTGTCGGTCTGG-1","2","2_3"
"R2_CTCAGTCAGATGACAT-1","2","2_3"
"R2_CTCATCGAGATTCGAA-1","2","2_3"
"R2_CTCATGCTCCACTGGG-1","2","2_5"
"R2_CTCATTAGTATGCTAC-1","2","2_3"
"R2_CTCCAACGTCGTGGAA-1","2","2_3"
"R2_CTCCTCCAGACTCCGC-1","2","2_0"
"R2_CTCTCAGTCTATCGCC-1","2","2_3"
"R2_CTCTCGAGTTTCGATG-1","2","2_3"
"R2_CTCTGGTTCCGACGGT-1","2","2_1"
"R2_CTGCCATAGCTTCGTA-1","2","2_3"
"R2_CTGGCAGTCCAGCTCT-1","2","2_3"
"R2_CTGGTCTCACTGCTTC-1","2","2_0"
"R2_CTTCCGAGTCCGGTCA-1","2","2_0"
"R2_CTTCCGAGTCGACTGC-1","2","2_3"
"R2_CTTCCTTGTAGATGTA-1","2","2_1"
"R2_CTTCTCTGTGGTATGG-1","2","2_0"
"R2_CTTGAGAAGCATCCTA-1","2","2_3"
"R2_GAACACTTCTTTCTAG-1","2","2_1"
"R2_GAACGTTCAATTGAGA-1","2","2_0"
"R2_GAACGTTCAGGTGGAT-1","2","2_0"
"R2_GAACGTTTCTGTGCTC-1","2","2_4"
"R2_GAACTGTTCTATCGTT-1","2","2_3"
"R2_GAAGCCCGTAACCCGC-1","2","2_3"
"R2_GAAGCGAGTGAGTAAT-1","2","2_0"
"R2_GAAGGACCAGGGTTGA-1","2","2_3"
"R2_GAAGTAATCTGTGCTC-1","2","2_3"
"R2_GAATCACAGCGAAACC-1","2","2_0"
"R2_GAATCACTCAAGTCGT-1","2","2_2"
"R2_GACATCATCTGTACAG-1","2","2_3"
"R2_GACCTTCCACCTCGTT-1","2","2_3"
"R2_GACTATGGTACAAGCG-1","2","2_4"
"R2_GACTATGGTACACTCA-1","2","2_4"
"R2_GAGACCCTCGGTTGTA-1","2","2_5"
"R2_GAGACTTTCGCCAGAC-1","2","2_3"
"R2_GAGAGGTCAATGTCTG-1","2","2_3"
"R2_GAGAGGTTCGCTACGG-1","2","2_0"
"R2_GAGGCCTGTAGGTGCA-1","2","2_3"
"R2_GAGGCCTGTAGTATAG-1","2","2_8"
"R2_GAGGGATTCTCTAGGA-1","2","2_4"
"R2_GAGTTGTGTGAATGAT-1","2","2_0"
"R2_GAGTTGTTCGATTGAC-1","2","2_0"
"R2_GATCCCTTCGGACAAG-1","2","2_3"
"R2_GATCCCTTCGTCTCAC-1","2","2_2"
"R2_GATCGTATCCGCTGTT-1","2","2_4"
"R2_GATGAGGGTGAGACCA-1","2","2_8"
"R2_GATGCTATCAAGAATG-1","2","2_3"
"R2_GATGGAGGTTCTCCTG-1","2","2_4"
"R2_GCACATAGTGAACTAA-1","2","2_3"
"R2_GCACGGTAGTTTGGCT-1","2","2_2"
"R2_GCAGCCACATTCTTCA-1","2","2_3"
"R2_GCAGGCTCACTGTCGG-1","2","2_4"
"R2_GCATGATGTTAGGCTT-1","2","2_0"
"R2_GCCAGGTCATTGAGGG-1","2","2_2"
"R2_GCCAGGTGTGGCCCAT-1","2","2_3"
"R2_GCCAGGTGTTGCACGC-1","2","2_3"
"R2_GCCAGTGGTGATGGCA-1","2","2_3"
"R2_GCCCAGAGTTCCTAAG-1","2","2_0"
"R2_GCCCGAAGTACCTAAC-1","2","2_3"
"R2_GCGAGAATCCCGAATA-1","2","2_0"
"R2_GCGTGCATCCTACAAG-1","2","2_3"
"R2_GCGTTTCGTGTCCACG-1","2","2_3"
"R2_GCTCAAAAGGTCGACA-1","2","2_0"
"R2_GCTGGGTCAACTTGCA-1","2","2_3"
"R2_GGAATGGGTACAAGTA-1","2","2_2"
"R2_GGAGCAACAAACTAAG-1","2","2_1"
"R2_GGATGTTTCGAGTCTA-1","2","2_5"
"R2_GGCACGTTCGCGAAGA-1","2","2_2"
"R2_GGCAGTCCACATCATG-1","2","2_3"
"R2_GGCAGTCGTACCCACG-1","2","2_3"
"R2_GGCTGTGCATATCGGT-1","2","2_0"
"R2_GGGACCTTCACGATAC-1","2","2_3"
"R2_GGGAGTAAGTCATTGC-1","2","2_3"
"R2_GGGTATTGTGGTCCCA-1","2","2_5"
"R2_GGGTCACGTTGATCGT-1","2","2_3"
"R2_GGGTCACTCTGTTCAT-1","2","2_0"
"R2_GGTGAAGTCTAATTCC-1","2","2_5"
"R2_GGTTGTACACCTCGTT-1","2","2_4"
"R2_GTAAGTCAGCACTGGA-1","2","2_3"
"R2_GTAAGTCAGGCCATAG-1","2","2_3"
"R2_GTACAACTCTGGCCTT-1","2","2_4"
"R2_GTACAGTAGCCACAAG-1","2","2_3"
"R2_GTACAGTTCCCTCGTA-1","2","2_4"
"R2_GTACAGTTCGTGAGAG-1","2","2_3"
"R2_GTAGCTAGTGTCCCTT-1","2","2_0"
"R2_GTAGTACTCTCATGGA-1","2","2_2"
"R2_GTATTGGGTACAGCGA-1","2","2_3"
"R2_GTATTTCTCGCCTATC-1","2","2_3"
"R2_GTCACGGAGGAAGTCC-1","2","2_3"
"R2_GTCCCATAGTATAGGT-1","2","2_8"
"R2_GTCGTAAGTTCTCGTC-1","2","2_3"
"R2_GTCGTAATCTTAGCTT-1","2","2_3"
"R2_GTCGTTCCACATATCG-1","2","2_0"
"R2_GTCTACCAGGATTCCT-1","2","2_0"
"R2_GTCTCACGTCGTCATA-1","2","2_3"
"R2_GTCTGTCAGGCACGAT-1","2","2_0"
"R2_GTCTGTCCAGGAGGTT-1","2","2_4"
"R2_GTCTGTCGTCTGTCAA-1","2","2_3"
"R2_GTGACGCAGTATGATG-1","2","2_3"
"R2_GTGAGCCTCGAACTCA-1","2","2_3"
"R2_GTGCACGGTCGAGTTT-1","2","2_4"
"R2_GTGCGTGCAGCTATAC-1","2","2_3"
"R2_GTGGAGATCTGTGCGG-1","2","2_3"
"R2_GTGTCCTAGGTCGAGT-1","2","2_3"
"R2_GTGTTAGTCTGGGCAC-1","2","2_3"
"R2_GTTACCCTCAAGAGTA-1","2","2_0"
"R2_GTTAGACTCATTGCTT-1","2","2_0"
"R2_GTTATGGCATTCTTCA-1","2","2_0"
"R2_GTTATGGTCCGGTAGC-1","2","2_0"
"R2_GTTCGCTGTTATGTCG-1","2","2_4"
"R2_GTTCGCTTCTCAAAGC-1","2","2_3"
"R2_GTTCTATTCCGCCTAT-1","2","2_3"
"R2_GTTGCTCCAACCAATC-1","2","2_0"
"R2_GTTGTCCCAGTCTTCC-1","2","2_8"
"R2_TAACCAGTCCATCTAT-1","2","2_0"
"R2_TAACGACCAAAGACGC-1","2","2_3"
"R2_TAAGCACTCGCAAGAG-1","2","2_3"
"R2_TAAGCCAGTACAGTCT-1","2","2_0"
"R2_TAAGTCGCATACGCAT-1","2","2_3"
"R2_TACAGGTCAGCGTTTA-1","2","2_0"
"R2_TACATTCGTCCTACAA-1","2","2_3"
"R2_TACATTCGTGCCTTTC-1","2","2_0"
"R2_TACATTCTCAGCCCAG-1","2","2_3"
"R2_TACCCACAGCGACTAG-1","2","2_4"
"R2_TACCGAAAGATGACCG-1","2","2_0"
"R2_TACGGGCAGAATTGTG-1","2","2_0"
"R2_TACTTCAAGTACCCTA-1","2","2_3"
"R2_TACTTCAGTTCCGCTT-1","2","2_4"
"R2_TAGACCATCAAGAGTA-1","2","2_0"
"R2_TAGGAGGCATAGGCGA-1","2","2_2"
"R2_TATACCTCAGAGTAAT-1","2","2_4"
"R2_TATATCCAGCGTTACT-1","2","2_3"
"R2_TATCCTAAGCTGAAAT-1","2","2_4"
"R2_TATCCTATCTCCGCAT-1","2","2_4"
"R2_TATCTTGTCCCAATAG-1","2","2_2"
"R2_TATGTTCGTTAGGGTG-1","2","2_8"
"R2_TATTTCGGTGATCGTT-1","2","2_3"
"R2_TCAAGACGTAATCAGA-1","2","2_0"
"R2_TCAATCTAGCACACCC-1","2","2_3"
"R2_TCAATTCAGTAGCCAG-1","2","2_3"
"R2_TCACAAGCAGCTTCCT-1","2","2_2"
"R2_TCACATTGTTCCGCTT-1","2","2_3"
"R2_TCAGGTAAGAACAGGA-1","2","2_3"
"R2_TCAGGTACAGATCCTA-1","2","2_8"
"R2_TCATACTGTTCAAAGA-1","2","2_0"
"R2_TCATATCCAGTCTTCC-1","2","2_0"
"R2_TCATGAGCAAGGACAC-1","2","2_4"
"R2_TCATTACCAGGTGACA-1","2","2_3"
"R2_TCATTGTCACGACTAT-1","2","2_3"
"R2_TCCACCAGTCGTGGTC-1","2","2_5"
"R2_TCCATCGGTGGCTGCT-1","2","2_3"
"R2_TCCCAGTCACGGGCTT-1","2","2_3"
"R2_TCCGTGTGTCTATGAC-1","2","2_3"
"R2_TCCTAATCACTAACGT-1","2","2_0"
"R2_TCCTCCCGTACTCCCT-1","2","2_3"
"R2_TCCTCGATCCTTATCA-1","2","2_3"
"R2_TCCTCTTCAAAGAACT-1","2","2_3"
"R2_TCCTCTTGTCCGGCAT-1","2","2_3"
"R2_TCCTTCTCAAGCGGAT-1","2","2_2"
"R2_TCGAACACATATGCGT-1","2","2_3"
"R2_TCGAACAGTCGTTGGC-1","2","2_3"
"R2_TCGAAGTAGAATTGTG-1","2","2_3"
"R2_TCGAAGTAGCTATCCA-1","2","2_3"
"R2_TCGACGGTCGGCTTGG-1","2","2_3"
"R2_TCGCACTGTTATCTGG-1","2","2_0"
"R2_TCGCAGGCAGGATTCT-1","2","2_0"
"R2_TCGCTCACACCTGCAG-1","2","2_0"
"R2_TCGCTTGCAAATCAGA-1","2","2_3"
"R2_TCGGTCTCATTGACTG-1","2","2_2"
"R2_TCTACATAGGTTATAG-1","2","2_3"
"R2_TCTACCGAGTAGTGCG-1","2","2_3"
"R2_TCTCCGATCGCAATGT-1","2","2_4"
"R2_TCTGGCTCACAAATAG-1","2","2_3"
"R2_TCTGGCTGTCTTCCGT-1","2","2_3"
"R2_TCTGTCGGTCAGTCTA-1","2","2_3"
"R2_TCTTCCTAGGGCTTCC-1","2","2_4"
"R2_TCTTTGACAATGACCT-1","2","2_3"
"R2_TCTTTGAGTGTATCCA-1","2","2_3"
"R2_TGAATCGGTATCGGTT-1","2","2_0"
"R2_TGAATCGTCGAACACT-1","2","2_3"
"R2_TGAGGAGGTAGTACGG-1","2","2_3"
"R2_TGAGTCATCCCTATTA-1","2","2_0"
"R2_TGATCAGCAATTGAGA-1","2","2_4"
"R2_TGATCTTCAGACATCT-1","2","2_0"
"R2_TGATCTTGTAGTCACT-1","2","2_5"
"R2_TGATTTCTCCTTACCG-1","2","2_4"
"R2_TGCACGGTCATTGCCC-1","2","2_4"
"R2_TGCAGGCCACCGCTAG-1","2","2_3"
"R2_TGCAGGCGTAACAGTA-1","2","2_8"
"R2_TGCATCCAGGCAGTCA-1","2","2_0"
"R2_TGCATGACAGTCTGGC-1","2","2_0"
"R2_TGCGACGGTGTTCATG-1","2","2_3"
"R2_TGCGATACATCCCACT-1","2","2_0"
"R2_TGCGGCAAGGCGAAGG-1","2","2_2"
"R2_TGCTCGTTCTCATTGT-1","2","2_3"
"R2_TGCTCGTTCTTTGCTA-1","2","2_0"
"R2_TGCTGAACACAGACGA-1","2","2_2"
"R2_TGGAACTAGGAGAGTA-1","2","2_3"
"R2_TGGAACTCAATCTAGC-1","2","2_3"
"R2_TGGAGAGAGAGATGCC-1","2","2_3"
"R2_TGGATGTTCGCCCAGA-1","2","2_3"
"R2_TGGGATTCATAGAATG-1","2","2_3"
"R2_TGGGCTGGTCCGGCAT-1","2","2_3"
"R2_TGGGTTAAGCTCCACG-1","2","2_3"
"R2_TGGTAGTGTAGAAACT-1","2","2_3"
"R2_TGGTAGTGTCGAAGCA-1","2","2_3"
"R2_TGGTGATAGCACGATG-1","2","2_3"
"R2_TGTACAGAGTGAGTTA-1","2","2_0"
"R2_TGTCAGAGTGGGACAT-1","2","2_3"
"R2_TGTCCCACACAGAGAC-1","2","2_5"
"R2_TGTCCTGGTATCGATC-1","2","2_3"
"R2_TGTGCGGGTCGTTTCC-1","2","2_3"
"R2_TGTGCGGGTTGCTCCT-1","2","2_8"
"R2_TGTGGCGCATGGCCAC-1","2","2_3"
"R2_TGTGTGACAATAGTCC-1","2","2_3"
"R2_TGTGTGATCACGATAC-1","2","2_2"
"R2_TGTTCATCATGCAGCC-1","2","2_4"
"R2_TGTTCTAGTGAGGATC-1","2","2_8"
"R2_TTACCATTCCACAAGT-1","2","2_3"
"R2_TTACGTTTCATAGAGA-1","2","2_0"
"R2_TTAGGCAGTCTAATCG-1","2","2_0"
"R2_TTATTGCCAACTTGGT-1","2","2_0"
"R2_TTATTGCCACAAGTGG-1","2","2_0"
"R2_TTATTGCTCCACTTTA-1","2","2_2"
"R2_TTCATGTCAAGGTTGG-1","2","2_0"
"R2_TTCCAATTCACAAGGG-1","2","2_3"
"R2_TTCCACGTCTCTTGCG-1","2","2_3"
"R2_TTCCGGTCATACAGGG-1","2","2_0"
"R2_TTCCTAATCAACCCGG-1","2","2_0"
"R2_TTCCTCTTCTGCGGGT-1","2","2_4"
"R2_TTCGCTGGTGGCTTAT-1","2","2_3"
"R2_TTCGGTCAGTTGAATG-1","2","2_3"
"R2_TTCGGTCCAGAGCTAG-1","2","2_4"
"R2_TTCTCTCAGGTACTGG-1","2","2_3"
"R2_TTCTGTATCTGTCTCG-1","2","2_4"
"R2_TTCTTCCGTTGAATCC-1","2","2_0"
"R2_TTGATGGGTAGTGTGG-1","2","2_0"
"R2_TTGCTGCGTGAAGCTG-1","2","2_2"
"R2_TTGTTGTCAAGTGACG-1","2","2_3"
"R2_TTTACGTGTCGATTTG-1","2","2_3"
"R2_TTTAGTCAGGTAGCAC-1","2","2_3"
"R2_TTTAGTCCACGCACCA-1","2","2_3"
"R2_TTTATGCGTGCATACT-1","2","2_0"
"R2_TTTCACACAAGGAGTC-1","2","2_3"
"R2_TTTCAGTCAGATAAAC-1","2","2_3"
"R2_TTTGATCCAGTGTACT-1","2","2_1"
"R3_AAAGGGCCAAAGTGTA-1","2","2_1"
"R3_AAAGTCCTCTCGGTAA-1","2","2_1"
"R3_AACAAAGAGGTTCTTG-1","2","2_7"
"R3_AACAAGAGTTGTCAGT-1","2","2_1"
"R3_AACCACACAACCACGC-1","2","2_1"
"R3_AACCTGAAGTCAGGGT-1","2","2_1"
"R3_AACCTTTGTGCGGATA-1","2","2_1"
"R3_AACGTCACAAGTGACG-1","2","2_1"
"R3_AACGTCATCTGCATGA-1","2","2_1"
"R3_AACTTCTGTAGGAAAG-1","2","2_7"
"R3_AAGAACAGTACGTACT-1","2","2_7"
"R3_AAGACAAGTAGATTGA-1","2","2_1"
"R3_AAGACTCCATTGCCTC-1","2","2_1"
"R3_AAGATAGAGCAATTAG-1","2","2_1"
"R3_AAGCATCCATCCGATA-1","2","2_1"
"R3_AAGCGAGCATGAGAAT-1","2","2_1"
"R3_AAGCGAGTCTGGACCG-1","2","2_1"
"R3_AAGTACCAGAAGGTAG-1","2","2_1"
"R3_AAGTCGTCAGTCGCAC-1","2","2_1"
"R3_AAGTCGTTCCATTGCC-1","2","2_1"
"R3_AAGTGAATCCTCTCGA-1","2","2_1"
"R3_AATAGAGCACCAGCTG-1","2","2_1"
"R3_AATGACCGTTAGTTCG-1","2","2_7"
"R3_AATGGAATCGTGCTCT-1","2","2_1"
"R3_AATGGCTTCCATTGCC-1","2","2_1"
"R3_AATGGCTTCCGACGGT-1","2","2_7"
"R3_ACACAGTAGTATGTAG-1","2","2_1"
"R3_ACACCAACACGCTTAA-1","2","2_4"
"R3_ACACCAACAGTTAGAA-1","2","2_7"
"R3_ACACCAATCCGTTTCG-1","2","2_7"
"R3_ACACGCGTCGCCTTGT-1","2","2_1"
"R3_ACAGAAACAGTAACGG-1","2","2_1"
"R3_ACAGCCGCACTACTTT-1","2","2_7"
"R3_ACAGCCGGTTAGTCGT-1","2","2_7"
"R3_ACAGGGACACTGCGTG-1","2","2_7"
"R3_ACATCGAGTGTATCCA-1","2","2_1"
"R3_ACATGCAGTATGAGAT-1","2","2_1"
"R3_ACCACAAAGGACGCTA-1","2","2_7"
"R3_ACCACAAGTACTGCGC-1","2","2_7"
"R3_ACCATTTCACTTGAAC-1","2","2_1"
"R3_ACCCTCAAGCTTTCTT-1","2","2_1"
"R3_ACCGTTCAGGTGAGAA-1","2","2_1"
"R3_ACCTACCCACCGGTCA-1","2","2_1"
"R3_ACCTACCTCGCCTATC-1","2","2_1"
"R3_ACCTGAATCTCTATAC-1","2","2_1"
"R3_ACGATCAGTGACATCT-1","2","2_1"
"R3_ACGATGTCAATGGCCC-1","2","2_1"
"R3_ACGGAAGAGATGGTCG-1","2","2_1"
"R3_ACGGAAGTCAACGCTA-1","2","2_1"
"R3_ACGGGTCCAACATACC-1","2","2_1"
"R3_ACTATCTAGAGCAACC-1","2","2_1"
"R3_ACTATCTAGTTCATGC-1","2","2_1"
"R3_ACTGCAAAGAGATGCC-1","2","2_1"
"R3_ACTGCAAAGATAGCAT-1","2","2_7"
"R3_ACTGTCCAGTTGCATC-1","2","2_7"
"R3_ACTTTCATCCAACCAA-1","2","2_1"
"R3_AGAACCTTCCTCTAAT-1","2","2_1"
"R3_AGAAGCGTCAACGAGG-1","2","2_1"
"R3_AGAAGTAAGTCAGCCC-1","2","2_1"
"R3_AGACACTGTGGCCACT-1","2","2_1"
"R3_AGACAGGTCGAGTGGA-1","2","2_1"
"R3_AGACTCAAGCGTTAGG-1","2","2_1"
"R3_AGACTCATCCAAGAGG-1","2","2_1"
"R3_AGAGAATTCAACCTCC-1","2","2_1"
"R3_AGAGAGCTCACATCAG-1","2","2_1"
"R3_AGAGCAGAGGGTAGCT-1","2","2_1"
"R3_AGATAGAAGGCCTGAA-1","2","2_1"
"R3_AGATAGAAGTACAGAT-1","2","2_1"
"R3_AGATCCATCCGATGCG-1","2","2_4"
"R3_AGATCGTCATAATGAG-1","2","2_1"
"R3_AGCCAATCACTGTCCT-1","2","2_1"
"R3_AGCCACGGTCACCACG-1","2","2_1"
"R3_AGCGCTGAGACCAGAC-1","2","2_1"
"R3_AGCGTATTCATAGACC-1","2","2_7"
"R3_AGCTACATCATCACTT-1","2","2_1"
"R3_AGCTCAATCTTTGCTA-1","2","2_1"
"R3_AGCTTCCGTGATGAAT-1","2","2_7"
"R3_AGCTTCCGTGCCTAAT-1","2","2_1"
"R3_AGGAAATAGCAGGTCA-1","2","2_1"
"R3_AGGACGAAGAGTGTGC-1","2","2_7"
"R3_AGGATAACACACGGTC-1","2","2_1"
"R3_AGGCATTAGTATGAGT-1","2","2_7"
"R3_AGGGAGTCATGGCCAC-1","2","2_1"
"R3_AGGGCCTGTAGAGACC-1","2","2_1"
"R3_AGGGCTCTCTTCCTAA-1","2","2_1"
"R3_AGGGTCCGTACTAACC-1","2","2_7"
"R3_AGGGTCCGTTAGTTCG-1","2","2_1"
"R3_AGGGTTTAGGCTCAAG-1","2","2_7"
"R3_AGGGTTTGTTGCCGAC-1","2","2_7"
"R3_AGGTCATCAATTCTTC-1","2","2_1"
"R3_AGGTCATGTACTGCGC-1","2","2_7"
"R3_AGGTCTACAAGTGGTG-1","2","2_1"
"R3_AGGTGTTAGTATAGGT-1","2","2_1"
"R3_AGGTTGTCATACTGTG-1","2","2_1"
"R3_AGTAGTCGTATCGTTG-1","2","2_1"
"R3_AGTCAACCACGTCTCT-1","2","2_1"
"R3_AGTCACAAGTCGCCCA-1","2","2_1"
"R3_AGTCATGTCCAACTGA-1","2","2_1"
"R3_AGTCTCCGTTATCTGG-1","2","2_1"
"R3_AGTGATCTCAGTGATC-1","2","2_1"
"R3_AGTGCCGCATCTAGAC-1","2","2_7"
"R3_ATAGAGAGTGAGTAGC-1","2","2_1"
"R3_ATAGGCTTCGGTTAGT-1","2","2_1"
"R3_ATCACAGGTACCTAGT-1","2","2_1"
"R3_ATCACGAAGGTTCAGG-1","2","2_1"
"R3_ATCATTCAGTCTTCCC-1","2","2_1"
"R3_ATCCATTAGCAGCCCT-1","2","2_1"
"R3_ATCCATTTCACTGGTA-1","2","2_1"
"R3_ATCCTATTCGGTAACT-1","2","2_1"
"R3_ATCGGATGTGACCGTC-1","2","2_1"
"R3_ATCGGCGAGCACCGTC-1","2","2_1"
"R3_ATCGGCGAGGCTCACC-1","2","2_1"
"R3_ATCGGCGAGTAGGTTA-1","2","2_1"
"R3_ATCGGCGGTTCAGCTA-1","2","2_2"
"R3_ATCGTAGCAATCAGCT-1","2","2_1"
"R3_ATCGTAGTCACCCTGT-1","2","2_1"
"R3_ATCGTCCTCATGCATG-1","2","2_1"
"R3_ATCGTGACAGCTGTCG-1","2","2_1"
"R3_ATGAAAGAGTTCGCAT-1","2","2_1"
"R3_ATGACCATCTTCTCAA-1","2","2_1"
"R3_ATGAGGGAGCGCTTCG-1","2","2_1"
"R3_ATGCATGGTCGCACAC-1","2","2_0"
"R3_ATGCATGTCCGACAGC-1","2","2_1"
"R3_ATGCCTCCAGTTCCAA-1","2","2_1"
"R3_ATGGGAGGTTAGAAAC-1","2","2_1"
"R3_ATTCACTCAAGTATCC-1","2","2_7"
"R3_ATTCACTTCTTAGCTT-1","2","2_1"
"R3_ATTCCTACATGATAGA-1","2","2_1"
"R3_ATTCTACCAACGGCCT-1","2","2_1"
"R3_ATTTCACAGGGCCAAT-1","2","2_1"
"R3_ATTTCACGTTGCCTAA-1","2","2_1"
"R3_ATTTCACTCATTGCTT-1","2","2_7"
"R3_CAACAACGTTAAACCC-1","2","2_7"
"R3_CAACAGTAGGCAGGTT-1","2","2_1"
"R3_CAACAGTTCTGCCCTA-1","2","2_1"
"R3_CAACCTCAGGCCTTGC-1","2","2_1"
"R3_CAAGACTCAGTTGTTG-1","2","2_1"
"R3_CAAGACTCATGAAGGC-1","2","2_1"
"R3_CAAGACTGTATGAAGT-1","2","2_1"
"R3_CACCAAACATGCGGTC-1","2","2_1"
"R3_CACCGTTAGATTCGCT-1","2","2_1"
"R3_CACGGGTGTGTTCAGT-1","2","2_1"
"R3_CACGTGGAGTGGCAGT-1","2","2_1"
"R3_CACTGAACATCCTCAC-1","2","2_1"
"R3_CACTGTCTCGTACACA-1","2","2_1"
"R3_CAGATTGGTACGTGAG-1","2","2_1"
"R3_CAGATTGTCTGTAAGC-1","2","2_1"
"R3_CAGCAGCAGACGACTG-1","2","2_1"
"R3_CAGGCCACACACCTTC-1","2","2_1"
"R3_CAGGGCTCACCACTGG-1","2","2_7"
"R3_CATACCCTCCGGACTG-1","2","2_1"
"R3_CATACTTCACTTGAGT-1","2","2_1"
"R3_CATAGACAGTGAACAT-1","2","2_1"
"R3_CATAGACTCTTCGGAA-1","2","2_1"
"R3_CATCCCATCTCGGTAA-1","2","2_0"
"R3_CATCCGTGTCCAGGTC-1","2","2_1"
"R3_CATCCGTTCTCTAGGA-1","2","2_1"
"R3_CATCGCTAGGCAGGGA-1","2","2_4"
"R3_CATCGTCTCGTCAAAC-1","2","2_1"
"R3_CATGCAAAGGTGCCTC-1","2","2_1"
"R3_CATGCCTTCTGTGTGA-1","2","2_1"
"R3_CATTCATAGTGGAAAG-1","2","2_1"
"R3_CATTCATGTGCTCGTG-1","2","2_1"
"R3_CATTCCGGTTTCGATG-1","2","2_1"
"R3_CATTCTATCTCCAATT-1","2","2_7"
"R3_CATTGAGCACTGTGTA-1","2","2_1"
"R3_CCACAAAAGACATGCG-1","2","2_1"
"R3_CCACCATCAAAGCGTG-1","2","2_1"
"R3_CCACCATCAGATACCT-1","2","2_1"
"R3_CCACGAGAGTGAGTGC-1","2","2_7"
"R3_CCACGAGAGTGGCAGT-1","2","2_1"
"R3_CCACGAGTCCCGTTGT-1","2","2_7"
"R3_CCACGTTAGGTCACTT-1","2","2_1"
"R3_CCACGTTGTATCGTTG-1","2","2_1"
"R3_CCATAAGAGCCGATCC-1","2","2_1"
"R3_CCATAAGAGTCTGGTT-1","2","2_1"
"R3_CCCATTGAGGTAAGTT-1","2","2_7"
"R3_CCCATTGGTTGCAACT-1","2","2_1"
"R3_CCCGAAGCATCAACCA-1","2","2_1"
"R3_CCCGAAGGTGCACAAG-1","2","2_1"
"R3_CCCGGAATCGTCGCTT-1","2","2_1"
"R3_CCCTCAACAAGCAATA-1","2","2_1"
"R3_CCCTGATGTGAACGGT-1","2","2_4"
"R3_CCCTGATGTGGAAATT-1","2","2_1"
"R3_CCGGACACACTCCTTG-1","2","2_1"
"R3_CCGGACACATCGCCTT-1","2","2_4"
"R3_CCGGGTATCGGTAGAG-1","2","2_7"
"R3_CCGGTAGGTGCACAAG-1","2","2_1"
"R3_CCGGTAGGTTGTGTAC-1","2","2_1"
"R3_CCGGTGATCGTCAAAC-1","2","2_1"
"R3_CCGTAGGCATAGTCGT-1","2","2_7"
"R3_CCGTAGGCATGCCATA-1","2","2_1"
"R3_CCGTTCACATAAGCGG-1","2","2_1"
"R3_CCTAAGATCGTGGGAA-1","2","2_7"
"R3_CCTCAACCAAATACAG-1","2","2_7"
"R3_CCTCAACCAATCCAGT-1","2","2_1"
"R3_CCTCAACCACCATAAC-1","2","2_1"
"R3_CCTCAACTCCACATAG-1","2","2_7"
"R3_CCTCCAAAGAAGCCAC-1","2","2_1"
"R3_CCTCCAAGTAGGAGTC-1","2","2_7"
"R3_CCTCTAGGTAGGTGCA-1","2","2_2"
"R3_CCTCTAGTCCGCTAGG-1","2","2_1"
"R3_CCTCTCCTCCCAAGCG-1","2","2_1"
"R3_CCTGCATTCGGCTGTG-1","2","2_1"
"R3_CCTGTTGCACCTTCGT-1","2","2_1"
"R3_CCTTTGGCAATGACCT-1","2","2_1"
"R3_CGAAGGACACTTTATC-1","2","2_1"
"R3_CGAAGTTCAACCGCCA-1","2","2_1"
"R3_CGAAGTTTCATTACTC-1","2","2_1"
"R3_CGAATTGGTGGCAGAT-1","2","2_7"
"R3_CGAATTGTCGGTTAGT-1","2","2_1"
"R3_CGACAGCTCCATCAGA-1","2","2_1"
"R3_CGACAGCTCTACGGTA-1","2","2_7"
"R3_CGAGAAGTCGAACCTA-1","2","2_1"
"R3_CGAGTGCGTACAATAG-1","2","2_0"
"R3_CGAGTGCGTAGTGCGA-1","2","2_0"
"R3_CGAGTTATCTCTCTAA-1","2","2_1"
"R3_CGCAGGTAGATGGTAT-1","2","2_1"
"R3_CGCATGGCAGCTACTA-1","2","2_1"
"R3_CGCCATTAGCTGGCTC-1","2","2_7"
"R3_CGGAACCTCTCGCTCA-1","2","2_1"
"R3_CGGAATTGTTAAGGAT-1","2","2_1"
"R3_CGGGTCAAGCCTGGAA-1","2","2_1"
"R3_CGGGTCAAGGGTGAGG-1","2","2_1"
"R3_CGGGTGTGTGCGAACA-1","2","2_7"
"R3_CGTAAGTCAAGTAGTA-1","2","2_1"
"R3_CGTAAGTGTTTCAGAC-1","2","2_1"
"R3_CGTCCATAGTGCGACA-1","2","2_1"
"R3_CGTGTCTCACGCGCTA-1","2","2_7"
"R3_CGTGTCTGTCAGTCGC-1","2","2_1"
"R3_CGTTGGGGTCATCACA-1","2","2_1"
"R3_CTAACTTGTACAGCGA-1","2","2_1"
"R3_CTAAGTGCATCTTTCA-1","2","2_1"
"R3_CTACATTCAGCCTACG-1","2","2_1"
"R3_CTACATTTCGGCACTG-1","2","2_7"
"R3_CTACGGGGTATTTCGG-1","2","2_7"
"R3_CTAGACAGTGGATTTC-1","2","2_1"
"R3_CTATAGGTCCTCGCAT-1","2","2_7"
"R3_CTATCCGGTGGCAGAT-1","2","2_1"
"R3_CTCAATTAGGAGAGGC-1","2","2_7"
"R3_CTCAGGGTCTAGTGTG-1","2","2_7"
"R3_CTCATCGAGTGGTTCT-1","2","2_7"
"R3_CTCATGCCAGCAGACA-1","2","2_1"
"R3_CTCCACAAGGGCTGAT-1","2","2_1"
"R3_CTCCACACACCTCAGG-1","2","2_7"
"R3_CTCCATGAGAGGATCC-1","2","2_7"
"R3_CTCCCAAGTGGCACTC-1","2","2_1"
"R3_CTCCCTCGTTACTCAG-1","2","2_1"
"R3_CTCCGATGTGAGAGGG-1","2","2_1"
"R3_CTCCTCCAGGATATGT-1","2","2_7"
"R3_CTCGAGGTCCATTGTT-1","2","2_1"
"R3_CTGAATGGTGAGCCAA-1","2","2_7"
"R3_CTGAGGCCACTGGACC-1","2","2_1"
"R3_CTGCATCGTACACGTT-1","2","2_1"
"R3_CTGCCTAGTGTCGCTG-1","2","2_1"
"R3_CTGCCTAGTTCGGTTA-1","2","2_7"
"R3_CTGCGAGTCTAAGGAA-1","2","2_0"
"R3_CTGCTCAGTGGACCTC-1","2","2_1"
"R3_CTGGACGGTAGTCCTA-1","2","2_1"
"R3_CTGGCAGGTCTAGGCC-1","2","2_1"
"R3_CTGGCAGTCTCATGCC-1","2","2_1"
"R3_CTGTACCCATGACCCG-1","2","2_7"
"R3_CTGTAGATCCCTATTA-1","2","2_1"
"R3_CTGTGAAGTCTACACA-1","2","2_7"
"R3_CTTACCGGTGGCACTC-1","2","2_1"
"R3_CTTAGGATCCTTTGAT-1","2","2_1"
"R3_CTTCAATAGATACAGT-1","2","2_1"
"R3_CTTCAATCAGGATCTT-1","2","2_1"
"R3_CTTCTAAAGTAGTCTC-1","2","2_1"
"R3_CTTGAGACAACGGCTC-1","2","2_1"
"R3_CTTGATTTCCGACAGC-1","2","2_1"
"R3_GAAACCTCAAGTATCC-1","2","2_1"
"R3_GAAACCTCAGTGGTGA-1","2","2_7"
"R3_GAAATGACACCTGCGA-1","2","2_1"
"R3_GAACACTTCTCTCGCA-1","2","2_1"
"R3_GAACTGTCAAGGCCTC-1","2","2_1"
"R3_GAACTGTCACCCTTGT-1","2","2_1"
"R3_GAAGAATAGGCTCACC-1","2","2_7"
"R3_GAAGCCCCAATCGCAT-1","2","2_1"
"R3_GAAGCCCCATCTTCGC-1","2","2_1"
"R3_GAAGCCCTCGAATCCA-1","2","2_1"
"R3_GAAGTAAGTACAAACA-1","2","2_0"
"R3_GACAGCCAGAGTATAC-1","2","2_7"
"R3_GACATCACACTCGATA-1","2","2_1"
"R3_GACATCAGTTCGGGTC-1","2","2_7"
"R3_GACCGTGCACTCTGCT-1","2","2_7"
"R3_GACTTCCCAGGTCAGA-1","2","2_1"
"R3_GAGAAATTCGACGTCG-1","2","2_1"
"R3_GAGAAATTCGTGGGAA-1","2","2_1"
"R3_GAGACCCTCAAAGGAT-1","2","2_7"
"R3_GAGATGGCAAGACGGT-1","2","2_1"
"R3_GAGCCTGAGTCAGCGA-1","2","2_1"
"R3_GAGCCTGCAACGGCTC-1","2","2_1"
"R3_GAGCCTGGTGGACCAA-1","2","2_1"
"R3_GAGGCCTAGTCTGTAC-1","2","2_1"
"R3_GAGGGATTCCTCTGCA-1","2","2_1"
"R3_GAGTGTTTCACGTAGT-1","2","2_1"
"R3_GAGTTTGGTACCTGTA-1","2","2_4"
"R3_GAGTTTGGTTGGTAGG-1","2","2_1"
"R3_GAGTTTGTCCTCTAGC-1","2","2_7"
"R3_GATAGAACAATTAGGA-1","2","2_1"
"R3_GATAGCTGTGTTGCCG-1","2","2_1"
"R3_GATCATGGTCGAATTC-1","2","2_7"
"R3_GATCCCTGTCTTCTAT-1","2","2_1"
"R3_GATCCCTGTTGTTGTG-1","2","2_7"
"R3_GATGATCAGTTAGTGA-1","2","2_7"
"R3_GATGATCCATATCTCT-1","2","2_1"
"R3_GATGCTAAGCATCGAG-1","2","2_1"
"R3_GATGCTACAGTCTACA-1","2","2_7"
"R3_GATTCTTGTTCGTAAC-1","2","2_1"
"R3_GCACTAATCGAGCACC-1","2","2_7"
"R3_GCAGCTGAGTCGGGAT-1","2","2_1"
"R3_GCAGGCTCAGCAGTGA-1","2","2_7"
"R3_GCAGGCTGTCTCAAGT-1","2","2_1"
"R3_GCAGTTACATGACCCG-1","2","2_1"
"R3_GCAGTTATCTATGTGG-1","2","2_1"
"R3_GCATCGGAGTCTGCGC-1","2","2_7"
"R3_GCATCTCTCGACCTAA-1","2","2_7"
"R3_GCATGATAGGTTGCCC-1","2","2_1"
"R3_GCCAACGGTGGTCTAT-1","2","2_1"
"R3_GCCAGCAAGTTCCGGC-1","2","2_1"
"R3_GCCAGGTCATCGAACT-1","2","2_1"
"R3_GCCAGGTTCCCAACTC-1","2","2_1"
"R3_GCCATGGCACTTCAGA-1","2","2_7"
"R3_GCCATGGTCAACTCTT-1","2","2_1"
"R3_GCCCAGAGTACGATTC-1","2","2_1"
"R3_GCCCGAACACAAAGCG-1","2","2_1"
"R3_GCCCGAATCTCGTCGT-1","2","2_1"
"R3_GCCGATGTCTGGTTGA-1","2","2_7"
"R3_GCGGAAAGTAAGCTCT-1","2","2_7"
"R3_GCGGATCAGTATCCTG-1","2","2_1"
"R3_GCGGATCCAGTGTATC-1","2","2_1"
"R3_GCGTGCAAGTAGAGTT-1","2","2_1"
"R3_GCTACAAAGTGGACGT-1","2","2_1"
"R3_GCTCAAAGTTACGATC-1","2","2_1"
"R3_GCTCAAATCACCATGA-1","2","2_1"
"R3_GCTGCAGTCTCCCATG-1","2","2_1"
"R3_GCTTCACGTGAGTAAT-1","2","2_1"
"R3_GGAACCCAGGCGAACT-1","2","2_7"
"R3_GGAACCCGTGGAGGTT-1","2","2_1"
"R3_GGAATCTCACATCATG-1","2","2_1"
"R3_GGAGAACAGAGAATCT-1","2","2_1"
"R3_GGAGATGAGCCGAATG-1","2","2_7"
"R3_GGAGATGCACGACCTG-1","2","2_1"
"R3_GGAGGTAAGTCCCGAC-1","2","2_1"
"R3_GGATCTAGTGTGTCGC-1","2","2_7"
"R3_GGATGTTAGCAACAAT-1","2","2_1"
"R3_GGCACGTAGGGATCTG-1","2","2_1"
"R3_GGCACGTAGTCACAGG-1","2","2_1"
"R3_GGCGTCACACTGGACC-1","2","2_1"
"R3_GGCTGTGGTTCCCACT-1","2","2_1"
"R3_GGGAGATTCAAGGTGG-1","2","2_7"
"R3_GGGATGAAGGCCCACT-1","2","2_7"
"R3_GGGATGAGTGTAGGAC-1","2","2_1"
"R3_GGGCGTTAGTCACAGG-1","2","2_1"
"R3_GGGCTACAGCCTCTTC-1","2","2_7"
"R3_GGGCTACTCGAAACAA-1","2","2_1"
"R3_GGGTAGAAGGTTCTAC-1","2","2_4"
"R3_GGGTGAAAGAGCACTG-1","2","2_1"
"R3_GGGTGTCCAATTGTGC-1","2","2_1"
"R3_GGGTGTCGTATCACGT-1","2","2_1"
"R3_GGGTTATCAAGTACCT-1","2","2_1"
"R3_GGGTTATTCTGAGGCC-1","2","2_7"
"R3_GGGTTTAGTCTTGCGG-1","2","2_4"
"R3_GGTAACTAGTCACTCA-1","2","2_1"
"R3_GGTAATCAGACACACG-1","2","2_1"
"R3_GGTAGAGAGCCTCTGG-1","2","2_1"
"R3_GGTAGAGTCCCAACTC-1","2","2_7"
"R3_GGTGATTTCAACCCGG-1","2","2_7"
"R3_GGTGTCGGTGCGGTAA-1","2","2_7"
"R3_GGTGTCGGTTTACTGG-1","2","2_7"
"R3_GGTTAACAGAGTATAC-1","2","2_7"
"R3_GGTTAACCATATCGGT-1","2","2_7"
"R3_GGTTAACTCACATCAG-1","2","2_1"
"R3_GGTTAACTCTGCTTTA-1","2","2_7"
"R3_GTAACACTCTCCTGTG-1","2","2_1"
"R3_GTAGAAAAGTGCTAGG-1","2","2_1"
"R3_GTAGAGGCAATAGGAT-1","2","2_1"
"R3_GTAGAGGTCAGAGTGG-1","2","2_1"
"R3_GTAGCTATCAAGCCTA-1","2","2_1"
"R3_GTAGGAGCAATTGTGC-1","2","2_7"
"R3_GTAGGAGCACATCATG-1","2","2_7"
"R3_GTAGGAGCAGGTGAGT-1","2","2_1"
"R3_GTAGGTTCAATTAGGA-1","2","2_1"
"R3_GTATTGGTCGTCAACA-1","2","2_4"
"R3_GTCAAACCACCTAAAC-1","2","2_7"
"R3_GTCAAGTAGATCCCGC-1","2","2_1"
"R3_GTCAAGTCAGCTGTCG-1","2","2_7"
"R3_GTCACGGTCCGTGGTG-1","2","2_7"
"R3_GTCATGAAGCGTTAGG-1","2","2_1"
"R3_GTCATGACAAGACTGG-1","2","2_1"
"R3_GTCATGACACATTCGA-1","2","2_1"
"R3_GTCATTTCAGTCTACA-1","2","2_1"
"R3_GTCCACTGTGTGGTCC-1","2","2_1"
"R3_GTCCACTTCCGATAAC-1","2","2_1"
"R3_GTCGAATGTGGCGCTT-1","2","2_7"
"R3_GTCGCGACAATTTCCT-1","2","2_7"
"R3_GTCGTAATCTCTCCGA-1","2","2_4"
"R3_GTCTACCGTGCGTGCT-1","2","2_1"
"R3_GTCTAGAGTAGACAAT-1","2","2_1"
"R3_GTCTAGATCATGGATC-1","2","2_1"
"R3_GTCTTTAAGTAACCGG-1","2","2_1"
"R3_GTGAGCCTCCGGCAAC-1","2","2_1"
"R3_GTGAGGAGTCCACTTC-1","2","2_1"
"R3_GTGATGTTCTGAATCG-1","2","2_1"
"R3_GTGGAAGAGAATCCCT-1","2","2_1"
"R3_GTGGAGAGTTAAGGAT-1","2","2_1"
"R3_GTGTCCTCATTGACAC-1","2","2_1"
"R3_GTTACAGAGTTCATCG-1","2","2_4"
"R3_GTTACAGCACCCTGAG-1","2","2_1"
"R3_GTTACGACAGTTAGAA-1","2","2_1"
"R3_GTTAGACAGGTGCCAA-1","2","2_1"
"R3_GTTAGTGCAATCCAGT-1","2","2_1"
"R3_GTTCCGTAGGAAGTAG-1","2","2_1"
"R3_GTTCCGTAGTACAGAT-1","2","2_1"
"R3_GTTCCGTAGTCACGCC-1","2","2_1"
"R3_GTTCCGTGTTGCTCCT-1","2","2_1"
"R3_GTTCCGTTCGCGGTAC-1","2","2_7"
"R3_GTTCTATCAGTGTGCC-1","2","2_1"
"R3_GTTGAACAGACAGCTG-1","2","2_1"
"R3_GTTGCGGTCTGCACCT-1","2","2_1"
"R3_GTTGCTCGTAACTAAG-1","2","2_1"
"R3_GTTGTAGCATCATCTT-1","2","2_4"
"R3_GTTGTCCAGCTGCCAC-1","2","2_1"
"R3_GTTGTGAGTCATCGGC-1","2","2_1"
"R3_GTTGTGATCGGAAGGT-1","2","2_7"
"R3_GTTTACTAGGTAAACT-1","2","2_7"
"R3_GTTTACTCAATTGCTG-1","2","2_1"
"R3_TAAGCGTGTCGACTTA-1","2","2_1"
"R3_TACAACGAGCATTGAA-1","2","2_1"
"R3_TACAGGTGTATGTCCA-1","2","2_1"
"R3_TACAGGTTCTTCTAAC-1","2","2_1"
"R3_TACCCACGTTACCTTT-1","2","2_1"
"R3_TACCCGTGTAAGATCA-1","2","2_1"
"R3_TACCGAAGTTTCACAG-1","2","2_7"
"R3_TACCTCGGTCTTGAGT-1","2","2_1"
"R3_TACCTGCAGACCATGG-1","2","2_1"
"R3_TACGCTCTCAACTCTT-1","2","2_7"
"R3_TACGGGCTCTCGGGAC-1","2","2_7"
"R3_TACTGCCTCACCTCAC-1","2","2_1"
"R3_TACTTACCAGAGTCAG-1","2","2_1"
"R3_TACTTCATCGATTTCT-1","2","2_1"
"R3_TAGACTGAGCCTGAGA-1","2","2_1"
"R3_TAGAGTCGTTGGGACA-1","2","2_7"
"R3_TAGCACAGTCGATTAC-1","2","2_1"
"R3_TAGGTTGCAAGCAGGT-1","2","2_1"
"R3_TAGTGCATCATGAGGG-1","2","2_1"
"R3_TATACCTGTTGGTACT-1","2","2_7"
"R3_TATCCTATCTAGCAAC-1","2","2_1"
"R3_TATGTTCCAACCACGC-1","2","2_1"
"R3_TATGTTCCAATCGCGC-1","2","2_1"
"R3_TATGTTCGTATCCTCC-1","2","2_1"
"R3_TATGTTCGTCGCACGT-1","2","2_1"
"R3_TATTCCATCGATACTG-1","2","2_1"
"R3_TATTGCTCACAACGCC-1","2","2_0"
"R3_TATTGGGCACTGTGAT-1","2","2_7"
"R3_TATTTCGCATCATCCC-1","2","2_1"
"R3_TCAAGACTCGAGCTGC-1","2","2_1"
"R3_TCAAGCAAGGGACCAT-1","2","2_1"
"R3_TCAAGCACATGACCCG-1","2","2_7"
"R3_TCAATCTAGCGCACAA-1","2","2_1"
"R3_TCAATTCAGATGGTAT-1","2","2_1"
"R3_TCAATTCTCACTTGGA-1","2","2_1"
"R3_TCACAAGGTCAGTCGC-1","2","2_1"
"R3_TCACATTAGCGTCTGC-1","2","2_7"
"R3_TCACATTCACGGAAGT-1","2","2_1"
"R3_TCACATTGTAATTGGA-1","2","2_4"
"R3_TCACATTTCAGCTGTA-1","2","2_1"
"R3_TCACGCTAGTTGTCAC-1","2","2_1"
"R3_TCACTATTCGCTACAA-1","2","2_7"
"R3_TCAGCAACATAATGCC-1","2","2_7"
"R3_TCAGCAATCAGCCTTC-1","2","2_7"
"R3_TCAGGGCGTCGCGGTT-1","2","2_1"
"R3_TCAGTCCCACTTCAAG-1","2","2_1"
"R3_TCAGTTTAGGATCACG-1","2","2_7"
"R3_TCATATCGTCTCGGGT-1","2","2_1"
"R3_TCATCCGCAGAGTCTT-1","2","2_4"
"R3_TCATGAGCAGAGTGAC-1","2","2_1"
"R3_TCATGCCAGTCCTGCG-1","2","2_1"
"R3_TCATTACCAACTCGTA-1","2","2_7"
"R3_TCATTCAAGCCGTTGC-1","2","2_1"
"R3_TCATTGTCATCTATCT-1","2","2_1"
"R3_TCCACCAGTGTACAGG-1","2","2_1"
"R3_TCCAGAAAGATAGTCA-1","2","2_1"
"R3_TCCATCGGTCCTATAG-1","2","2_1"
"R3_TCCATGCCATCGAGCC-1","2","2_1"
"R3_TCCCAGTTCGCGTGCA-1","2","2_1"
"R3_TCCCATGGTAAGGAGA-1","2","2_7"
"R3_TCCGAAAGTGCTCGTG-1","2","2_1"
"R3_TCCGATCCACCCTCTA-1","2","2_1"
"R3_TCCGATCTCCGTATAG-1","2","2_1"
"R3_TCCGATCTCGGAATTC-1","2","2_1"
"R3_TCCTCCCGTGCCGAAA-1","2","2_1"
"R3_TCCTCGACAATGCAGG-1","2","2_1"
"R3_TCCTCGAGTCTGTGAT-1","2","2_1"
"R3_TCCTCTTTCGTCCATC-1","2","2_1"
"R3_TCCTGCAAGGTCGTAG-1","2","2_1"
"R3_TCGAAGTAGTGGTCAG-1","2","2_1"
"R3_TCGACCTAGCAACAGC-1","2","2_1"
"R3_TCGCTCATCAGCTTCC-1","2","2_1"
"R3_TCGCTCATCTATCCAT-1","2","2_1"
"R3_TCGCTTGAGAGGGCGA-1","2","2_1"
"R3_TCGGATACACCCTATC-1","2","2_1"
"R3_TCGGATAGTGGCCCAT-1","2","2_1"
"R3_TCGGGACCAAATAAGC-1","2","2_1"
"R3_TCGGGACGTTAGGACG-1","2","2_7"
"R3_TCGTAGAGTAGCTGAG-1","2","2_1"
"R3_TCGTAGATCATCTCTA-1","2","2_1"
"R3_TCTACCGCATGAAGGC-1","2","2_1"
"R3_TCTCAGCTCAATCAGC-1","2","2_1"
"R3_TCTGGCTAGGAAGAAC-1","2","2_1"
"R3_TCTGTCGAGCCTGCCA-1","2","2_1"
"R3_TCTGTCGTCCCTTCCC-1","2","2_7"
"R3_TCTTAGTGTGGTAACG-1","2","2_7"
"R3_TCTTCCTTCGACCATA-1","2","2_1"
"R3_TGAATCGGTGAGCTCC-1","2","2_1"
"R3_TGAATGCGTACACGTT-1","2","2_1"
"R3_TGACAGTGTGTTGAGG-1","2","2_1"
"R3_TGACCCTGTTGCTCGG-1","2","2_1"
"R3_TGACGCGCAAGGGTCA-1","2","2_1"
"R3_TGACGCGGTAGAGGAA-1","2","2_1"
"R3_TGACTCCAGAAGTCAT-1","2","2_1"
"R3_TGACTCCGTCTCTCTG-1","2","2_1"
"R3_TGAGACTCATTGCCTC-1","2","2_1"
"R3_TGAGACTGTGTCGATT-1","2","2_1"
"R3_TGAGCATCAACTTGCA-1","2","2_7"
"R3_TGAGGGACACAATGTC-1","2","2_1"
"R3_TGAGGGAGTCGTCAGC-1","2","2_1"
"R3_TGATCAGGTTTGTTCT-1","2","2_1"
"R3_TGATTCTTCATGCCGG-1","2","2_1"
"R3_TGCAGATAGCACCGAA-1","2","2_7"
"R3_TGCAGGCCAAACGGCA-1","2","2_2"
"R3_TGCAGTATCGCAGAGA-1","2","2_1"
"R3_TGCGGCACACAGCCAC-1","2","2_1"
"R3_TGCGGGTGTCCTCCAT-1","2","2_1"
"R3_TGCTCCAAGCGTCTGC-1","2","2_7"
"R3_TGCTCCAGTTCTCAGA-1","2","2_1"
"R3_TGCTCCATCAACCTTT-1","2","2_1"
"R3_TGCTGAATCCACTTCG-1","2","2_1"
"R3_TGCTTGCAGATGCAGC-1","2","2_7"
"R3_TGGAGAGTCCCGAACG-1","2","2_7"
"R3_TGGAGGAGTGAGAACC-1","2","2_1"
"R3_TGGGAGACATGACGGA-1","2","2_1"
"R3_TGGGAGATCTCTGCTG-1","2","2_7"
"R3_TGGGATTGTGAGATTA-1","2","2_1"
"R3_TGGGCGTCAGTCTGGC-1","2","2_1"
"R3_TGGGCGTGTGACTATC-1","2","2_1"
"R3_TGGGCTGGTGGCCTCA-1","2","2_1"
"R3_TGGGCTGTCAACCTCC-1","2","2_1"
"R3_TGGGCTGTCCCTTTGG-1","2","2_7"
"R3_TGGTAGTCATAGCACT-1","2","2_1"
"R3_TGGTTAGGTAGTCCTA-1","2","2_7"
"R3_TGGTTAGGTTGCATAC-1","2","2_7"
"R3_TGTAAGCAGCCTATCA-1","2","2_7"
"R3_TGTACAGAGCCGGAAT-1","2","2_1"
"R3_TGTACAGTCTCGTGAA-1","2","2_1"
"R3_TGTCAGACATAGGTAA-1","2","2_7"
"R3_TGTCCTGCAGACATCT-1","2","2_1"
"R3_TGTGAGTGTAACGTTC-1","2","2_7"
"R3_TGTGAGTGTAACTTCG-1","2","2_1"
"R3_TGTGAGTTCTTGGCTC-1","2","2_1"
"R3_TGTGTGACATGTTCGA-1","2","2_7"
"R3_TGTTACTTCGCTTACC-1","2","2_1"
"R3_TGTTCATCAGTCGTTA-1","2","2_1"
"R3_TGTTCATTCACGTAGT-1","2","2_7"
"R3_TGTTCCGGTGTGGACA-1","2","2_7"
"R3_TGTTGAGGTACTCCCT-1","2","2_1"
"R3_TTACCATTCAAGGAGC-1","2","2_1"
"R3_TTACCGCGTCCCTGTT-1","2","2_7"
"R3_TTACCGCTCCCTCTTT-1","2","2_7"
"R3_TTACCGCTCGCCTTGT-1","2","2_1"
"R3_TTACGCCGTGACACAG-1","2","2_1"
"R3_TTACGTTAGACTAGAT-1","2","2_1"
"R3_TTACGTTGTTCCGCTT-1","2","2_1"
"R3_TTACTGTGTTGCAACT-1","2","2_1"
"R3_TTAGGCATCGCTGATA-1","2","2_1"
"R3_TTCAATCTCGCCACTT-1","2","2_1"
"R3_TTCCACGTCATTACGG-1","2","2_7"
"R3_TTCCGGTCAAAGCACG-1","2","2_1"
"R3_TTCCTCTTCCTACACC-1","2","2_1"
"R3_TTCCTTCGTATCGCTA-1","2","2_1"
"R3_TTCTAGTAGCCGAATG-1","2","2_1"
"R3_TTCTCTCTCGCCTCTA-1","2","2_1"
"R3_TTGAACGTCTCTGAGA-1","2","2_1"
"R3_TTGACCCAGGGACTGT-1","2","2_1"
"R3_TTGAGTGAGCATGCGA-1","2","2_1"
"R3_TTGATGGAGGAGAGGC-1","2","2_1"
"R3_TTGCATTTCGTAGTCA-1","2","2_1"
"R3_TTGCTGCAGGGAGGCA-1","2","2_2"
"R3_TTGGGCGAGCAGTCTT-1","2","2_1"
"R3_TTGGGCGAGTCTAGCT-1","2","2_1"
"R3_TTGGGCGCAATGAACA-1","2","2_7"
"R3_TTGGGTATCCTCTCGA-1","2","2_7"
"R3_TTGGTTTGTTGGGTTT-1","2","2_1"
"R3_TTGTGTTTCATTTGCT-1","2","2_1"
"R3_TTGTTCACAATACGCT-1","2","2_1"
"R3_TTGTTGTAGCGTACAG-1","2","2_1"
"R3_TTGTTTGCAGCGTTTA-1","2","2_1"
"R3_TTTACGTTCCTTATAC-1","2","2_1"
"R3_TTTACTGTCGGTGTAT-1","2","2_1"
"R3_TTTAGTCGTGTTTCTT-1","2","2_1"
"R3_TTTATGCGTCGATGCC-1","2","2_7"
"R3_TTTCCTCGTACCATAC-1","2","2_1"
"R3_TTTCCTCTCTTCACGC-1","2","2_1"
"R3_TTTGACTGTTTCACAG-1","2","2_7"
"R3_TTTGACTTCATGCATG-1","2","2_1"
"R3_TTTGATCGTAACAAGT-1","2","2_7"
"R3_TTTGGAGCAGATACTC-1","2","2_1"
"L1_AAAGGGCCAGGCTATT-1","10","10_0"
"L1_AAAGTGATCTCACTCG-1","10","10_1"
"L1_AACCAACGTCTGTGCG-1","10","10_4"
"L1_AACCCAAGTGTCCCTT-1","10","10_0"
"L1_AACCTGACATTCTCCG-1","10","10_4"
"L1_AATGACCCAAGCAATA-1","10","10_1"
"L1_AATTTCCGTGGAAGTC-1","10","10_1"
"L1_ACATTTCGTACCTAAC-1","10","10_2"
"L1_ACCTACCGTGACTATC-1","10","10_2"
"L1_ACTCTCGTCACGTCCT-1","10","10_0"
"L1_AGAACAAGTGGCTCTG-1","10","10_2"
"L1_AGAGCAGCAAGCGAGT-1","10","10_3"
"L1_AGATGAATCCGTGGTG-1","10","10_3"
"L1_AGCCAATTCATCAGTG-1","10","10_1"
"L1_AGCGATTTCCTACTGC-1","10","10_2"
"L1_AGGCCACAGCGCCGTT-1","10","10_2"
"L1_AGGGAGTTCACCATCC-1","10","10_3"
"L1_AGGTCTACACTGGAAG-1","10","10_4"
"L1_AGTCATGGTCCTGAAT-1","10","10_0"
"L1_AGTTCGAAGTCATCGT-1","10","10_3"
"L1_ATCCCTGGTCCAGCGT-1","10","10_2"
"L1_ATCCGTCTCGGACTGC-1","10","10_2"
"L1_ATGAGTCCAACAACAA-1","10","10_1"
"L1_ATTACCTCAAATGAAC-1","10","10_4"
"L1_CACTGGGCAGGGTTGA-1","10","10_1"
"L1_CATACCCTCCTGCTAC-1","10","10_2"
"L1_CATGGATGTAGGTCAG-1","10","10_1"
"L1_CATGGATTCATCTACT-1","10","10_3"
"L1_CCACCATAGCGTCTGC-1","10","10_2"
"L1_CCATCACAGAGCATAT-1","10","10_2"
"L1_CCGCAAGTCCTAGCCT-1","10","10_1"
"L1_CCGGTAGCATGAGGGT-1","10","10_1"
"L1_CCGGTAGTCCTTGACC-1","10","10_3"
"L1_CCTATCGGTCAGGTAG-1","10","10_1"
"L1_CCTCCAATCGACGACC-1","10","10_0"
"L1_CGAAGGACACACCTTC-1","10","10_1"
"L1_CGATGCGAGAGATGCC-1","10","10_2"
"L1_CGCCAGAAGACTACGG-1","10","10_1"
"L1_CGTTCTGGTGGATCAG-1","10","10_1"
"L1_CTCCCTCCACGACAGA-1","10","10_1"
"L1_CTCCCTCGTCGAAGCA-1","10","10_1"
"L1_CTGGACGCATGTCTAG-1","10","10_4"
"L1_CTGTAGACACACCGCA-1","10","10_3"
"L1_CTTCTCTCAAAGGGCT-1","10","10_0"
"L1_GACCCTTAGAATGTTG-1","10","10_2"
"L1_GACTCTCAGAAAGCGA-1","10","10_1"
"L1_GAGACTTTCAGTCAGT-1","10","10_0"
"L1_GAGTCTAAGGTATTGA-1","10","10_0"
"L1_GAGTGTTTCCGTATGA-1","10","10_2"
"L1_GCAACATAGTCACACT-1","10","10_3"
"L1_GCAACCGCACATACTG-1","10","10_4"
"L1_GCAGCCAGTAATACCC-1","10","10_2"
"L1_GCCTGTTCAGCAGAAC-1","10","10_1"
"L1_GCTACAATCCTCTCGA-1","10","10_0"
"L1_GGAGATGTCATAGCAC-1","10","10_0"
"L1_GGCTGTGGTGGTCTGC-1","10","10_3"
"L1_GGCTTTCGTATGACAA-1","10","10_1"
"L1_GGCTTTCTCCATCTAT-1","10","10_1"
"L1_GGGACCTGTCACGTGC-1","10","10_0"
"L1_GGGTGTCCAATAGTCC-1","10","10_2"
"L1_GTAGATCAGCAGCACA-1","10","10_0"
"L1_GTAGGAGCAAGTTGGG-1","10","10_3"
"L1_GTGACGCAGGTACCTT-1","10","10_4"
"L1_GTGACGCAGTAATACG-1","10","10_0"
"L1_GTGCAGCTCCGCGGAT-1","10","10_2"
"L1_GTGGAAGCATACCAGT-1","10","10_4"
"L1_GTGGTTAAGCGACAGT-1","10","10_4"
"L1_GTGTGATGTTAACCTG-1","10","10_1"
"L1_GTGTTAGGTCTCAGAT-1","10","10_3"
"L1_GTTCGCTGTCGAGTGA-1","10","10_0"
"L1_GTTCGCTTCGGAACTT-1","10","10_2"
"L1_GTTGAACGTGGCTGCT-1","10","10_3"
"L1_GTTTACTAGAACTTCC-1","10","10_3"
"L1_TAAGCCATCAAGTCGT-1","10","10_1"
"L1_TACTTGTCAACTCCAA-1","10","10_0"
"L1_TCAATCTCACTAGGTT-1","10","10_0"
"L1_TCAGCCTGTAATCAAG-1","10","10_1"
"L1_TCAGTTTTCCGTGGGT-1","10","10_2"
"L1_TCATGGATCAAGCTTG-1","10","10_1"
"L1_TCCAGAAAGTGGCGAT-1","10","10_1"
"L1_TCCTCTTAGGATGAGA-1","10","10_1"
"L1_TCCTTCTGTACGCGTC-1","10","10_4"
"L1_TCGCAGGAGAGAATCT-1","10","10_0"
"L1_TCTTTGAAGCCGAACA-1","10","10_2"
"L1_TGAGGAGAGCATTGTC-1","10","10_3"
"L1_TGATGCAAGCAGCACA-1","10","10_2"
"L1_TGATGCAAGTGGTGGT-1","10","10_0"
"L1_TGATTTCGTGATACTC-1","10","10_2"
"L1_TGGATGTGTCGATTCA-1","10","10_1"
"L1_TGTTCATAGTCAGGGT-1","10","10_2"
"L1_TTACCGCCACTGCTTC-1","10","10_2"
"L1_TTACTGTAGCGAGTCA-1","10","10_0"
"L1_TTCCTTCGTAGTGGCA-1","10","10_1"
"L1_TTCTAGTTCCCATAAG-1","10","10_0"
"L1_TTTACCACAGCTATAC-1","10","10_0"
"L1_TTTCAGTAGGTTCCGC-1","10","10_1"
"L2_AACCCAACATGGAATA-1","10","10_1"
"L2_AAGACTCGTGTCATGT-1","10","10_1"
"L2_AAGTCGTTCGAATCCA-1","10","10_1"
"L2_AATGCCATCTCCCATG-1","10","10_2"
"L2_ACGGGTCGTAAGACCG-1","10","10_2"
"L2_ACGTAACAGAGTGTGC-1","10","10_1"
"L2_AGTACTGAGACCTGGA-1","10","10_1"
"L2_ATCAGGTCACCTCAGG-1","10","10_3"
"L2_ATCGCCTCATCATTTC-1","10","10_1"
"L2_ATCTCTAGTTGGAGAC-1","10","10_0"
"L2_ATCTTCACACCTTCGT-1","10","10_1"
"L2_CAACAACGTGGGAGAG-1","10","10_0"
"L2_CACAGATCATAAGCAA-1","10","10_0"
"L2_CACTAAGTCGGAACTT-1","10","10_1"
"L2_CCAATTTCAGTCTCTC-1","10","10_2"
"L2_CCAATTTTCCGATAAC-1","10","10_1"
"L2_CCGGACAAGGTATTGA-1","10","10_4"
"L2_CCGGTAGCATCCAATG-1","10","10_3"
"L2_CGGAACCGTCTGCCTT-1","10","10_1"
"L2_CGGGCATTCTAGACCA-1","10","10_0"
"L2_CTAGACACACTACACA-1","10","10_0"
"L2_CTGCCATCATGACTAC-1","10","10_1"
"L2_CTGGACGCAATCTCTT-1","10","10_1"
"L2_CTGGACGTCGACTCCT-1","10","10_3"
"L2_CTGGCAGGTGGCCACT-1","10","10_1"
"L2_CTTAGGACATGCAGGA-1","10","10_0"
"L2_CTTCTCTTCGTCAAAC-1","10","10_3"
"L2_CTTGATTGTGGTCTTA-1","10","10_1"
"L2_GCTACCTCACGGGCTT-1","10","10_4"
"L2_GGAATCTGTATGATCC-1","10","10_1"
"L2_GGGTTATAGACACACG-1","10","10_1"
"L2_GTCTAGAAGTCAGCGA-1","10","10_0"
"L2_GTGGAAGGTGTTGACT-1","10","10_0"
"L2_GTTGAACGTCGTATTG-1","10","10_1"
"L2_GTTGTGATCCATCTAT-1","10","10_1"
"L2_TACGGGCCAATATCCG-1","10","10_3"
"L2_TACTTACCAAATGAAC-1","10","10_2"
"L2_TCAAGCACAGAACATA-1","10","10_4"
"L2_TCAAGTGTCCAAGCTA-1","10","10_3"
"L2_TCAGTCCAGGGCATGT-1","10","10_0"
"L2_TCCCACAAGAGGTATT-1","10","10_3"
"L2_TCCCAGTCAAGAATGT-1","10","10_4"
"L2_TCCTAATCAACAGAGC-1","10","10_1"
"L2_TCTGTCGGTCGACTTA-1","10","10_3"
"L2_TGAGCATTCTCGTCGT-1","10","10_2"
"L2_TGATGGTAGCCGAATG-1","10","10_1"
"L2_TGGATCAAGTTGTCGT-1","10","10_1"
"L2_TGGGTTACAAAGAACT-1","10","10_3"
"L2_TGTCAGAGTCAGCGTC-1","10","10_1"
"L2_TGTTGAGAGATAACGT-1","10","10_3"
"L2_TTCACGCTCTAGTCAG-1","10","10_2"
"L2_TTCCAATAGGTCATTC-1","10","10_4"
"L2_TTCCTCTCAAGACGAC-1","10","10_0"
"L2_TTCTGTATCGATTTCT-1","10","10_2"
"L2_TTGGATGCATCGTCCT-1","10","10_2"
"L2_TTTGGTTTCGCGCCAA-1","10","10_3"
"L2_TTTGTTGTCATTCTTG-1","10","10_1"
"L3_AAAGAACCAACCAGAG-1","10","10_1"
"L3_AAAGGGCAGCAGGGAG-1","10","10_1"
"L3_AAAGGTATCGCTTTAT-1","10","10_2"
"L3_AAATGGATCGTTGTTT-1","10","10_3"
"L3_AACACACTCGATTGAC-1","10","10_2"
"L3_AACACACTCGGAACTT-1","10","10_2"
"L3_AACAGGGAGTGGTGAC-1","10","10_0"
"L3_AACCACAAGCAACTCT-1","10","10_4"
"L3_AACCATGAGCAGGCAT-1","10","10_0"
"L3_AACCCAAAGCTCAGAG-1","10","10_0"
"L3_AACGTCATCCCACAGG-1","10","10_1"
"L3_AAGACTCAGCCTCTTC-1","10","10_2"
"L3_AAGGTAAAGCAAGTCG-1","10","10_1"
"L3_AAGTACCAGGGACACT-1","10","10_1"
"L3_AAGTACCCACAATCTG-1","10","10_4"
"L3_AAGTACCCATCTTCGC-1","10","10_1"
"L3_AAGTTCGGTAGCTAAA-1","10","10_2"
"L3_AATCACGTCCGTAGTA-1","10","10_1"
"L3_AATGAAGAGTTTCAGC-1","10","10_4"
"L3_AATGGCTCAGTAACGG-1","10","10_4"
"L3_AATTCCTTCTCAAAGC-1","10","10_1"
"L3_ACAGGGACAAATCCCA-1","10","10_2"
"L3_ACATCCCGTTCGTACA-1","10","10_4"
"L3_ACCACAACATCTAGAC-1","10","10_0"
"L3_ACGATCATCTACTTCA-1","10","10_1"
"L3_ACGATGTGTCGAACGA-1","10","10_0"
"L3_ACGGTTAAGGCGCTCT-1","10","10_0"
"L3_ACGTAACGTATGAGCG-1","10","10_2"
"L3_ACGTAGTTCCCTTGTG-1","10","10_0"
"L3_ACGTTCCGTTTAGACC-1","10","10_2"
"L3_ACTGATGAGATGAACT-1","10","10_2"
"L3_ACTGCAACAAGGTCGA-1","10","10_2"
"L3_ACTGTGATCATCGCCT-1","10","10_0"
"L3_ACTTATCGTATAATGG-1","10","10_4"
"L3_ACTTCCGGTCTTACAG-1","10","10_3"
"L3_AGAAATGAGCGGGTTA-1","10","10_0"
"L3_AGATGAAAGACGGAAA-1","10","10_2"
"L3_AGATGAACACTGTTCC-1","10","10_1"
"L3_AGATGAATCGCCTTTG-1","10","10_0"
"L3_AGATGAATCTAGGAAA-1","10","10_3"
"L3_AGCATCACAACCGGAA-1","10","10_0"
"L3_AGCGATTTCTCCTGTG-1","10","10_4"
"L3_AGCGCCAGTTCTATCT-1","10","10_2"
"L3_AGCGTATTCTTACGTT-1","10","10_2"
"L3_AGCGTCGTCCGTGCGA-1","10","10_2"
"L3_AGCTCAAGTTAGAAAC-1","10","10_1"
"L3_AGCTTCCAGGAACATT-1","10","10_1"
"L3_AGGAAATCAGGGACTA-1","10","10_0"
"L3_AGGAAATGTGTTACTG-1","10","10_3"
"L3_AGGACGACAATCAAGA-1","10","10_4"
"L3_AGGACGATCTGAGCAT-1","10","10_2"
"L3_AGGATAAGTACGCTAT-1","10","10_0"
"L3_AGGCCACGTACAAGTA-1","10","10_3"
"L3_AGGGCTCCAGCGTACC-1","10","10_3"
"L3_AGGTAGGCATCGAACT-1","10","10_3"
"L3_AGGTAGGTCGAAGTGG-1","10","10_2"
"L3_AGGTCATCAGCTGAAG-1","10","10_3"
"L3_AGGTCATGTAGGATAT-1","10","10_2"
"L3_AGTACCATCATCCCGT-1","10","10_1"
"L3_AGTCACAAGAAGAGCA-1","10","10_1"
"L3_AGTGCCGAGCTAAATG-1","10","10_3"
"L3_AGTGTTGAGATAGCTA-1","10","10_4"
"L3_AGTTCGACAGTATTCG-1","10","10_1"
"L3_ATACCTTAGCTGTGCC-1","10","10_1"
"L3_ATAGACCAGCCACCGT-1","10","10_2"
"L3_ATAGAGACATGAATCC-1","10","10_1"
"L3_ATAGAGATCCGAGCTG-1","10","10_3"
"L3_ATAGGCTAGGTAAGAG-1","10","10_2"
"L3_ATCACTTCAACAAGAT-1","10","10_2"
"L3_ATCGCCTCACCTTCGT-1","10","10_1"
"L3_ATCGCCTGTTGTCCCT-1","10","10_0"
"L3_ATCGGATAGGAAGTGA-1","10","10_2"
"L3_ATCGGATCATAGTCGT-1","10","10_1"
"L3_ATCGTGACACCGGCTA-1","10","10_0"
"L3_ATCTTCAAGCTACTAC-1","10","10_4"
"L3_ATCTTCATCAAACGAA-1","10","10_0"
"L3_ATGACCATCACCTACC-1","10","10_2"
"L3_ATGAGTCTCGATCCAA-1","10","10_0"
"L3_ATGCATGTCTTCGCTG-1","10","10_3"
"L3_ATGCGATAGGCCATAG-1","10","10_0"
"L3_ATGGAGGAGAGGGTGG-1","10","10_1"
"L3_ATGGGAGGTGTTAAAG-1","10","10_0"
"L3_ATGGTTGTCGCTAAAC-1","10","10_2"
"L3_ATTACTCCACTGAGGA-1","10","10_1"
"L3_ATTCCCGGTATCTCGA-1","10","10_1"
"L3_ATTTACCTCACCGGTG-1","10","10_3"
"L3_ATTTCTGTCGGTCAGC-1","10","10_3"
"L3_CAACCTCCATTGAGGG-1","10","10_1"
"L3_CAAGAGGCACTAAACC-1","10","10_1"
"L3_CAAGCTATCGTTCTGC-1","10","10_1"
"L3_CAAGGGAGTTCGGTAT-1","10","10_2"
"L3_CAATTTCGTAGAGTTA-1","10","10_0"
"L3_CACATGAGTGAACGGT-1","10","10_4"
"L3_CACCAAATCTGAGAGG-1","10","10_2"
"L3_CACTAAGGTCAGGCAA-1","10","10_4"
"L3_CACTGAAGTATCATGC-1","10","10_2"
"L3_CACTGGGGTCATACCA-1","10","10_0"
"L3_CAGAGCCAGACCTCAT-1","10","10_1"
"L3_CAGATACGTCGGATTT-1","10","10_0"
"L3_CAGCGTGTCTTGGGCG-1","10","10_0"
"L3_CAGGCCACAGTTAGAA-1","10","10_3"
"L3_CATCAAGTCGGCCTTT-1","10","10_4"
"L3_CATCGCTTCCTGGGTG-1","10","10_1"
"L3_CATGCCTAGGTCTGGA-1","10","10_2"
"L3_CATGCGGCAGGTTTAC-1","10","10_1"
"L3_CATTGAGGTAAGTTGA-1","10","10_4"
"L3_CATTGCCTCCGATCTC-1","10","10_3"
"L3_CCAATTTGTGAGATTA-1","10","10_2"
"L3_CCACGTTCAACGATCT-1","10","10_0"
"L3_CCCGGAATCGCCAATA-1","10","10_0"
"L3_CCCTAACGTTGTCTAG-1","10","10_3"
"L3_CCCTGATTCGTTACCC-1","10","10_0"
"L3_CCGATCTAGTAGTCCT-1","10","10_4"
"L3_CCGATGGGTACACGTT-1","10","10_2"
"L3_CCGGGTACAGAAGTTA-1","10","10_2"
"L3_CCGTTCAAGATTAGCA-1","10","10_1"
"L3_CCTAACCAGGAAAGTG-1","10","10_2"
"L3_CCTAAGACAGTGTGGA-1","10","10_2"
"L3_CCTTCAGGTTAAACCC-1","10","10_0"
"L3_CCTTCAGTCGTTGTTT-1","10","10_1"
"L3_CGAATTGCATGGGCAA-1","10","10_0"
"L3_CGAGAAGGTATCAAGA-1","10","10_0"
"L3_CGAGTTACACGCGGTT-1","10","10_2"
"L3_CGATGGCAGATGGCGT-1","10","10_2"
"L3_CGCAGGTAGACATATG-1","10","10_0"
"L3_CGCATGGAGAGCACTG-1","10","10_0"
"L3_CGCCATTGTCTCACAA-1","10","10_0"
"L3_CGCGTGACAATCGCAT-1","10","10_1"
"L3_CGCGTGATCTTCACAT-1","10","10_4"
"L3_CGTCAAAAGAGTCCGA-1","10","10_1"
"L3_CGTCCATGTACACTCA-1","10","10_0"
"L3_CGTGCTTTCCACTTTA-1","10","10_0"
"L3_CGTTAGAAGGTTAGTA-1","10","10_2"
"L3_CGTTAGAGTATCCCTC-1","10","10_0"
"L3_CGTTCTGCAAAGGCAC-1","10","10_1"
"L3_CGTTGGGGTGATCATC-1","10","10_4"
"L3_CTACAGATCATCGGGC-1","10","10_2"
"L3_CTACATTTCAAGTAAG-1","10","10_3"
"L3_CTACCTGTCGTTCTCG-1","10","10_1"
"L3_CTAGACATCGGATACT-1","10","10_1"
"L3_CTATCCGTCCAGTACA-1","10","10_4"
"L3_CTATCTACACTTGAAC-1","10","10_1"
"L3_CTCAATTTCGAGAACG-1","10","10_2"
"L3_CTCAGAATCATAAGGA-1","10","10_1"
"L3_CTCCATGAGACCAGCA-1","10","10_3"
"L3_CTCCCAAGTATCAAGA-1","10","10_3"
"L3_CTCGAGGCAAAGCAAT-1","10","10_2"
"L3_CTCTCGAGTTCTTGCC-1","10","10_0"
"L3_CTGAGGCGTGAATTGA-1","10","10_4"
"L3_CTGATCCCACCACTGG-1","10","10_4"
"L3_CTTCCGACATTCACCC-1","10","10_2"
"L3_CTTCGGTTCTCTTAAC-1","10","10_1"
"L3_CTTCTAAGTAATACCC-1","10","10_0"
"L3_CTTCTAATCTGTCTCG-1","10","10_0"
"L3_CTTGATTGTGCATACT-1","10","10_0"
"L3_GAAACCTCAGAATGTA-1","10","10_4"
"L3_GAAATGAGTAGCTTTG-1","10","10_1"
"L3_GAAGCCCAGCACGATG-1","10","10_2"
"L3_GAAGGGTGTCTACAGT-1","10","10_1"
"L3_GAAGGGTTCACCCTCA-1","10","10_0"
"L3_GACGCTGCACAATGTC-1","10","10_4"
"L3_GACGCTGGTGACTGAG-1","10","10_1"
"L3_GACGTTATCAATCTTC-1","10","10_0"
"L3_GACTCTCTCTGACCCT-1","10","10_4"
"L3_GAGAAATCAGACATCT-1","10","10_0"
"L3_GAGAAATCATGGGATG-1","10","10_2"
"L3_GAGAGGTCATCGCTAA-1","10","10_0"
"L3_GAGGGTAGTGAGATTA-1","10","10_4"
"L3_GATAGAAGTACCTAAC-1","10","10_1"
"L3_GATCAGTCACGCTGCA-1","10","10_1"
"L3_GATCATGGTTAGGGTG-1","10","10_2"
"L3_GATCATGGTTATCTTC-1","10","10_2"
"L3_GATCCCTAGATGGCGT-1","10","10_1"
"L3_GATCGTATCTCACTCG-1","10","10_0"
"L3_GATGCTAGTCTCGACG-1","10","10_0"
"L3_GATGGAGAGCGTTACT-1","10","10_2"
"L3_GATGGAGGTCAGCTTA-1","10","10_1"
"L3_GATTCTTGTGGCACTC-1","10","10_0"
"L3_GCACGGTAGCAGCCCT-1","10","10_3"
"L3_GCATCGGTCGAAACAA-1","10","10_3"
"L3_GCATCTCCATATAGCC-1","10","10_1"
"L3_GCATTAGCACAATGTC-1","10","10_0"
"L3_GCATTAGCAGTCTCTC-1","10","10_2"
"L3_GCCAGCATCTTGGGCG-1","10","10_3"
"L3_GCGATCGCATAGAAAC-1","10","10_0"
"L3_GCGGATCCATCTGTTT-1","10","10_1"
"L3_GCGGATCGTGAACGGT-1","10","10_0"
"L3_GCGTTTCAGTCCGCGT-1","10","10_4"
"L3_GCGTTTCGTCCTCATC-1","10","10_1"
"L3_GCGTTTCTCATCGCAA-1","10","10_2"
"L3_GCTACAAAGATCGGTG-1","10","10_1"
"L3_GCTGGGTAGAGCACTG-1","10","10_1"
"L3_GGAACCCCATGGGTCC-1","10","10_4"
"L3_GGACGTCCATGACCCG-1","10","10_0"
"L3_GGAGAACTCTCATTAC-1","10","10_0"
"L3_GGCACGTCAGTCTGGC-1","10","10_3"
"L3_GGCTGTGAGTCTGCAT-1","10","10_3"
"L3_GGCTTTCCACTTGAAC-1","10","10_1"
"L3_GGGAAGTCACATTCTT-1","10","10_4"
"L3_GGGACAACAAGTTCGT-1","10","10_2"
"L3_GGGAGATAGCCTCTCT-1","10","10_3"
"L3_GGGTAGAGTGTCTAAC-1","10","10_0"
"L3_GGGTAGATCTCCTGCA-1","10","10_0"
"L3_GGGTTTAAGGCCTAAG-1","10","10_1"
"L3_GGGTTTAGTCGACTTA-1","10","10_0"
"L3_GGTGATTCACGCGTCA-1","10","10_1"
"L3_GGTTCTCTCCATGATG-1","10","10_0"
"L3_GTAACACCATCTCGTC-1","10","10_1"
"L3_GTAACACGTACTGTTG-1","10","10_3"
"L3_GTAATGCTCCAGTACA-1","10","10_1"
"L3_GTAGATCTCGGCTGGT-1","10","10_2"
"L3_GTAGGAGGTCACCACG-1","10","10_0"
"L3_GTAGGTTAGTTGGCGA-1","10","10_0"
"L3_GTAGGTTCAGTTAAAG-1","10","10_3"
"L3_GTCAAACTCTGATTCT-1","10","10_4"
"L3_GTCAAGTCATGGGAAC-1","10","10_0"
"L3_GTCATCCTCCTCAGAA-1","10","10_1"
"L3_GTCGTAATCAAGCCAT-1","10","10_1"
"L3_GTCTAGAAGGCCTAGA-1","10","10_2"
"L3_GTCTTTAGTCCGAAGA-1","10","10_2"
"L3_GTGACGCAGCCTGGAA-1","10","10_1"
"L3_GTGAGCCAGAAGCTGC-1","10","10_3"
"L3_GTGAGGAAGGAGAATG-1","10","10_0"
"L3_GTGATGTAGTTTGCTG-1","10","10_1"
"L3_GTGATGTGTACCCACG-1","10","10_3"
"L3_GTGCACGAGGTCATTC-1","10","10_0"
"L3_GTGCAGCCATCTTCGC-1","10","10_3"
"L3_GTGCAGCTCGTAACAC-1","10","10_3"
"L3_GTGCTTCTCGAAGCCC-1","10","10_0"
"L3_GTGGAAGGTCCTGGTG-1","10","10_2"
"L3_GTGGTTACAAATCGGG-1","10","10_1"
"L3_GTGTGGCTCTTCGTAT-1","10","10_3"
"L3_GTGTTCCAGCGTGTCC-1","10","10_3"
"L3_GTTAGACAGACATAGT-1","10","10_0"
"L3_GTTAGACAGCAGCCCT-1","10","10_0"
"L3_GTTAGTGGTCTGTCCT-1","10","10_2"
"L3_GTTGAACTCTTCACAT-1","10","10_0"
"L3_GTTGCGGTCGCCACTT-1","10","10_4"
"L3_GTTGTGACACATAGCT-1","10","10_1"
"L3_TAACACGGTAGTGATA-1","10","10_0"
"L3_TAACACGTCCGGTTCT-1","10","10_0"
"L3_TAACTTCAGTCGAAAT-1","10","10_3"
"L3_TAATCTCGTTATAGAG-1","10","10_3"
"L3_TACAACGTCGAGATGG-1","10","10_4"
"L3_TACAGGTCATTGTCGA-1","10","10_0"
"L3_TACATTCAGGCTAACG-1","10","10_2"
"L3_TACCCGTTCATTTGTC-1","10","10_0"
"L3_TACCGAAGTCCGTTTC-1","10","10_2"
"L3_TACCTGCCAGGAACCA-1","10","10_0"
"L3_TACCTGCGTGTGTCCG-1","10","10_3"
"L3_TACCTGCTCAAGAATG-1","10","10_3"
"L3_TACGCTCCACGTTCGG-1","10","10_2"
"L3_TACGCTCTCTGGAGAG-1","10","10_2"
"L3_TACTTACAGCGTGTTT-1","10","10_2"
"L3_TACTTCACACAGACGA-1","10","10_2"
"L3_TAGACCAGTCGATTAC-1","10","10_0"
"L3_TAGACCAGTGGACTGA-1","10","10_3"
"L3_TAGGAGGGTTCTCCCA-1","10","10_3"
"L3_TATATCCTCTCTGAGA-1","10","10_0"
"L3_TATCTGTTCATTCCTA-1","10","10_1"
"L3_TCAAGACTCCATTTCA-1","10","10_2"
"L3_TCAATTCAGTAACCTC-1","10","10_2"
"L3_TCAATTCGTGACCGTC-1","10","10_3"
"L3_TCACATTAGGAATGTT-1","10","10_1"
"L3_TCACGCTCAGGCATGA-1","10","10_2"
"L3_TCACGGGGTACGGATG-1","10","10_0"
"L3_TCACTATCACGCTGAC-1","10","10_0"
"L3_TCACTCGAGGGCAAGG-1","10","10_1"
"L3_TCAGCAATCCGTCCTA-1","10","10_3"
"L3_TCATGCCCAAGCGATG-1","10","10_3"
"L3_TCATGGACATATTCGG-1","10","10_1"
"L3_TCATTACCAACCGTGC-1","10","10_3"
"L3_TCATTCACAAGGTCAG-1","10","10_0"
"L3_TCATTGTAGATCCCGC-1","10","10_3"
"L3_TCCATGCCAATTGAGA-1","10","10_0"
"L3_TCCGAAATCGGTTCAA-1","10","10_0"
"L3_TCCGGGAAGTCGAATA-1","10","10_1"
"L3_TCGAACAAGAAGTCCG-1","10","10_1"
"L3_TCGACCTCACTCACTC-1","10","10_0"
"L3_TCGCTTGGTCTAACGT-1","10","10_2"
"L3_TCGGGCAAGCTGAGCA-1","10","10_2"
"L3_TCGGTCTTCCCTTGGT-1","10","10_2"
"L3_TCGTGGGAGGAAGTAG-1","10","10_3"
"L3_TCTACATAGTCAGGGT-1","10","10_0"
"L3_TCTCTGGAGGATTTCC-1","10","10_3"
"L3_TCTTTGAGTCCGGTCA-1","10","10_2"
"L3_TGAACGTGTGCGTGCT-1","10","10_1"
"L3_TGAATGCCAAATGGTA-1","10","10_0"
"L3_TGAATGCGTCAGGAGT-1","10","10_0"
"L3_TGAGTCATCATCGTAG-1","10","10_0"
"L3_TGATCTTTCTCTAGGA-1","10","10_0"
"L3_TGCACGGAGAACCCGA-1","10","10_3"
"L3_TGCACGGTCCTAGAGT-1","10","10_2"
"L3_TGCATCCCAGAGGTAC-1","10","10_0"
"L3_TGCGGCACAAATGCTC-1","10","10_3"
"L3_TGCTCGTAGACTTGTC-1","10","10_0"
"L3_TGGAACTTCGGCACTG-1","10","10_1"
"L3_TGGAGGAGTGGGCTCT-1","10","10_2"
"L3_TGGTAGTAGGATCATA-1","10","10_1"
"L3_TGGTAGTAGGCTATCT-1","10","10_3"
"L3_TGGTGATAGTAGTCCT-1","10","10_0"
"L3_TGGTTAGAGATTCGCT-1","10","10_2"
"L3_TGTACAGGTAATGATG-1","10","10_1"
"L3_TGTCCACAGCCGTTAT-1","10","10_2"
"L3_TGTCCTGAGTTCCTGA-1","10","10_1"
"L3_TGTTCATGTGCCTAAT-1","10","10_1"
"L3_TTACAGGGTAAGTTAG-1","10","10_1"
"L3_TTACTGTCAACCCGCA-1","10","10_0"
"L3_TTAGGCAAGAGTCTGG-1","10","10_1"
"L3_TTAGGCATCATGGATC-1","10","10_0"
"L3_TTATTGCCACCCTCTA-1","10","10_0"
"L3_TTCAGGAAGACATAGT-1","10","10_1"
"L3_TTCATGTCACCCTGAG-1","10","10_1"
"L3_TTCATGTGTGGCTGAA-1","10","10_0"
"L3_TTCCACGCACCGGAAA-1","10","10_1"
"L3_TTCCTCTAGCAAGTGC-1","10","10_1"
"L3_TTCCTCTGTAGGAAAG-1","10","10_0"
"L3_TTCGCTGAGGCTCAAG-1","10","10_1"
"L3_TTCTAACGTAGCTTTG-1","10","10_1"
"L3_TTCTCTCTCGCACTCT-1","10","10_1"
"L3_TTCTGTACAACCGTGC-1","10","10_3"
"L3_TTCTTCCCAGGTATGG-1","10","10_2"
"L3_TTCTTGAGTGTTGATC-1","10","10_0"
"L3_TTGAACGTCTGCGATA-1","10","10_0"
"L3_TTGATGGCATAGACTC-1","10","10_2"
"L3_TTGGATGAGCACTCGC-1","10","10_2"
"L3_TTGGTTTCACCTCAGG-1","10","10_1"
"L3_TTGTGGAGTACAAGTA-1","10","10_4"
"L3_TTGTTTGGTCGACTTA-1","10","10_2"
"L3_TTTACCAAGAGCCATG-1","10","10_3"
"L3_TTTACCATCATTATCC-1","10","10_4"
"L3_TTTACTGTCCTCAGAA-1","10","10_1"
"L3_TTTAGTCAGTGAGGTC-1","10","10_3"
"L3_TTTATGCGTAGATCCT-1","10","10_2"
"L3_TTTATGCTCATTACCT-1","10","10_0"
"L3_TTTCCTCGTACGACTT-1","10","10_1"
"L3_TTTGGAGTCGGAAGGT-1","10","10_4"
"R1_AAACCCAGTTGCTTGA-1","10","10_4"
"R1_AAAGTGATCTAATTCC-1","10","10_0"
"R1_AAGTTCGCAGTTTCAG-1","10","10_1"
"R1_AATCGTGAGGTTACAA-1","10","10_4"
"R1_ACAAAGAGTTTCTTAC-1","10","10_1"
"R1_ACAGGGACACTAAACC-1","10","10_4"
"R1_ACATTTCTCCGTCAAA-1","10","10_2"
"R1_ACCACAATCAAGCCGC-1","10","10_2"
"R1_ACCTACCCATATAGCC-1","10","10_4"
"R1_ACCTGAAAGAGAGAAC-1","10","10_0"
"R1_ACGGTCGTCTGGGCAC-1","10","10_0"
"R1_ACGTTCCGTCGCGTTG-1","10","10_0"
"R1_ACTATTCAGCGTGTTT-1","10","10_3"
"R1_ACTATTCTCCAGTTCC-1","10","10_2"
"R1_ACTTATCAGTTACGAA-1","10","10_0"
"R1_ACTTTGTTCAGCGTCG-1","10","10_3"
"R1_AGACTCACAGGTTCGC-1","10","10_4"
"R1_AGAGAATGTAGCTGAG-1","10","10_1"
"R1_AGAGCCCAGAAGGCTC-1","10","10_1"
"R1_AGATGCTTCTCTTCAA-1","10","10_1"
"R1_AGCCAATAGCGATGCA-1","10","10_0"
"R1_AGCGCCATCATAGAGA-1","10","10_1"
"R1_AGGAAATCAGGCTTGC-1","10","10_4"
"R1_AGGAATATCACTTGTT-1","10","10_3"
"R1_AGGGCTCTCTAAGGAA-1","10","10_0"
"R1_AGGTAGGAGGTACAAT-1","10","10_0"
"R1_AGTAGTCAGCACTAGG-1","10","10_0"
"R1_ATATCCTTCATACGAC-1","10","10_4"
"R1_ATCGCCTGTGCTCTCT-1","10","10_3"
"R1_ATCTTCATCATCTCTA-1","10","10_3"
"R1_ATTATCCAGCCGTTAT-1","10","10_2"
"R1_ATTCAGGTCGACGCGT-1","10","10_2"
"R1_ATTCCTAGTAGGCTCC-1","10","10_3"
"R1_ATTCGTTGTAGGACCA-1","10","10_1"
"R1_CACGAATAGAGAGAAC-1","10","10_4"
"R1_CACGGGTTCGTCTAAG-1","10","10_0"
"R1_CACTGTCGTTTAGAGA-1","10","10_0"
"R1_CAGCACGAGATTACCC-1","10","10_0"
"R1_CAGTTAGTCGGCTTGG-1","10","10_0"
"R1_CATACTTGTGTGGTCC-1","10","10_0"
"R1_CATACTTGTGTGTCGC-1","10","10_3"
"R1_CATCCCACACGGTAGA-1","10","10_0"
"R1_CATGAGTGTCCATCTC-1","10","10_0"
"R1_CATGAGTGTTCGAGCC-1","10","10_3"
"R1_CATTGAGGTCTCCTGT-1","10","10_0"
"R1_CATTGCCCAACCGTGC-1","10","10_3"
"R1_CCAATGATCGGTGCAC-1","10","10_0"
"R1_CCACACTGTTCGGTAT-1","10","10_0"
"R1_CCACGTTGTGCAGGAT-1","10","10_2"
"R1_CCACTTGTCTCTGCCA-1","10","10_0"
"R1_CCATAAGAGTTTGTCG-1","10","10_0"
"R1_CCCGGAAAGGATCACG-1","10","10_4"
"R1_CCCTCAAAGTCTGGTT-1","10","10_1"
"R1_CCCTCAAGTCAAGCCC-1","10","10_2"
"R1_CCGGGTAAGGGTCAAC-1","10","10_4"
"R1_CCGGTAGCACCGTGAC-1","10","10_0"
"R1_CCGTGAGAGAGGCTGT-1","10","10_1"
"R1_CCTCCTCTCTATGTGG-1","10","10_0"
"R1_CGAAGTTGTCCGAAAG-1","10","10_4"
"R1_CGGGACTCAATCGCAT-1","10","10_3"
"R1_CGGGTCATCTATTGTC-1","10","10_1"
"R1_CGTCCATGTGCATACT-1","10","10_1"
"R1_CTACATTGTAAGCAAT-1","10","10_0"
"R1_CTACGGGCATTCTTCA-1","10","10_2"
"R1_CTACTATCAAGCGCTC-1","10","10_1"
"R1_CTATCTATCATTCACT-1","10","10_0"
"R1_CTCAATTCATCCGCGA-1","10","10_3"
"R1_CTCACTGTCCAGCCTT-1","10","10_1"
"R1_CTCACTGTCGCAACAT-1","10","10_3"
"R1_CTCACTGTCGCCAATA-1","10","10_4"
"R1_CTCAGGGAGATACGAT-1","10","10_1"
"R1_CTCCAACGTTCAAAGA-1","10","10_1"
"R1_CTCCCTCTCGTTCAGA-1","10","10_0"
"R1_CTCGAGGCAAGACTGG-1","10","10_3"
"R1_CTCTGGTTCGGCGATC-1","10","10_0"
"R1_CTGGACGAGTCACTCA-1","10","10_4"
"R1_CTGTCGTAGCTGCCTG-1","10","10_3"
"R1_CTTGAGACATGGAGAC-1","10","10_1"
"R1_GACATCACATACTTTC-1","10","10_2"
"R1_GACCCTTAGTATTCCG-1","10","10_1"
"R1_GACGCTGCATAACAGA-1","10","10_4"
"R1_GACTATGGTCGCCTAG-1","10","10_1"
"R1_GACTCTCCAGACCAAG-1","10","10_3"
"R1_GAGACTTAGGTGCTTT-1","10","10_1"
"R1_GAGAGGTGTGTATACC-1","10","10_0"
"R1_GAGATGGCATCAGTCA-1","10","10_0"
"R1_GAGCCTGAGTTGGCGA-1","10","10_4"
"R1_GAGTTTGAGGGCAACT-1","10","10_0"
"R1_GATCACACAGTATTCG-1","10","10_3"
"R1_GATCAGTAGCTCAGAG-1","10","10_1"
"R1_GCAACATCAGTCGGAA-1","10","10_1"
"R1_GCAACATGTTGACTGT-1","10","10_4"
"R1_GCAACCGAGACCCTTA-1","10","10_1"
"R1_GCAGCCAAGGACAGTC-1","10","10_0"
"R1_GCGGAAATCCATAGGT-1","10","10_2"
"R1_GCGGATCAGAGTCTGG-1","10","10_1"
"R1_GCTGAATGTACTGACT-1","10","10_2"
"R1_GCTGAATTCGGTTGTA-1","10","10_3"
"R1_GCTGCAGGTGAGTAAT-1","10","10_0"
"R1_GCTTGGGAGTGCCCGT-1","10","10_0"
"R1_GGCTTTCAGGTGCTAG-1","10","10_2"
"R1_GGGATCCTCTGGCCTT-1","10","10_3"
"R1_GGGCGTTGTATGTGTC-1","10","10_4"
"R1_GGGTCACAGCACCGTC-1","10","10_3"
"R1_GGGTGTCTCTCGGTAA-1","10","10_1"
"R1_GGTCTGGAGGATGAGA-1","10","10_1"
"R1_GTAATCGTCATTATCC-1","10","10_3"
"R1_GTACAGTTCAGTCACA-1","10","10_1"
"R1_GTAGAAAGTATCGCGC-1","10","10_4"
"R1_GTAGATCCATCGGCCA-1","10","10_4"
"R1_GTAGATCGTGAGCTCC-1","10","10_2"
"R1_GTATTTCAGTAGACAT-1","10","10_0"
"R1_GTCGTAAGTTTGTTCT-1","10","10_0"
"R1_GTCTTTAGTTATTCCT-1","10","10_4"
"R1_GTGAGCCCATTCACCC-1","10","10_0"
"R1_GTGCGTGTCACCTTAT-1","10","10_4"
"R1_GTGGAGATCACTTGGA-1","10","10_1"
"R1_GTGGTTACATTAGGAA-1","10","10_2"
"R1_GTTCGCTTCAGCGCAC-1","10","10_3"
"R1_TAACGACGTGATTAGA-1","10","10_3"
"R1_TACACCCTCCTTGACC-1","10","10_4"
"R1_TACACCCTCTCACTCG-1","10","10_1"
"R1_TACCCGTCAACTCCCT-1","10","10_4"
"R1_TACCCGTTCTAGCAAC-1","10","10_2"
"R1_TAGAGTCCAGCCGTCA-1","10","10_1"
"R1_TATCAGGAGCATCCTA-1","10","10_4"
"R1_TATCCTAGTGTTCCTC-1","10","10_2"
"R1_TCACATTTCCATTGTT-1","10","10_1"
"R1_TCACTATAGTCAGCGA-1","10","10_4"
"R1_TCACTCGCAGGACTAG-1","10","10_1"
"R1_TCATATCAGAGAGTGA-1","10","10_3"
"R1_TCCACGTTCGGTCTGG-1","10","10_2"
"R1_TCCTCTTCAGGATCTT-1","10","10_0"
"R1_TCCTTCTCAGCGTTGC-1","10","10_0"
"R1_TCGAAGTTCGCAACAT-1","10","10_2"
"R1_TCGCTTGCAAGTGTCT-1","10","10_0"
"R1_TCGGATAGTTAGGAGC-1","10","10_0"
"R1_TCGTCCACAGCTACAT-1","10","10_3"
"R1_TGAGGAGCATCATTTC-1","10","10_3"
"R1_TGGAGGATCTTGGAAC-1","10","10_1"
"R1_TGGGCTGCAGCACACC-1","10","10_4"
"R1_TGTGCGGGTCAGGCAA-1","10","10_0"
"R1_TGTTCCGAGGTTGAGC-1","10","10_3"
"R1_TTAATCCAGAGTGACC-1","10","10_0"
"R1_TTACAGGTCGCCGAAC-1","10","10_0"
"R1_TTACGTTAGCTCGAAG-1","10","10_0"
"R1_TTCACGCGTGCTTCAA-1","10","10_4"
"R1_TTCCTAACAATCAAGA-1","10","10_1"
"R1_TTCCTCTCATCGTTCC-1","10","10_1"
"R1_TTGACCCTCGCTCTAC-1","10","10_1"
"R1_TTGGATGAGCCGATAG-1","10","10_2"
"R1_TTGGTTTCACGACCTG-1","10","10_1"
"R1_TTGTTCAAGTCGCTAT-1","10","10_2"
"R1_TTGTTTGTCTTAGCCC-1","10","10_1"
"R1_TTTCGATGTCGTATGT-1","10","10_0"
"R1_TTTGGAGAGACGTCCC-1","10","10_3"
"R2_AACCTTTTCCAAGGGA-1","10","10_3"
"R2_AAGTGAAGTGTTCATG-1","10","10_1"
"R2_AATGGAAAGAGTAACT-1","10","10_0"
"R2_AATTCCTGTACCACGC-1","10","10_1"
"R2_ACAAGCTCAGAGATGC-1","10","10_0"
"R2_ACACGCGAGAGAGGGC-1","10","10_0"
"R2_ACCCTCATCATTACTC-1","10","10_1"
"R2_ACCGTTCCAGGCGATA-1","10","10_4"
"R2_ACGGTCGCAGGCTATT-1","10","10_1"
"R2_AGAACAACACATGTTG-1","10","10_0"
"R2_AGAACAATCGAGAACG-1","10","10_1"
"R2_AGACAGGCAACGCCCA-1","10","10_2"
"R2_AGAGAGCGTATCCTCC-1","10","10_4"
"R2_AGCATCATCTACTATC-1","10","10_3"
"R2_ATCGTGAGTCGTGCCA-1","10","10_1"
"R2_ATGCGATTCTGCCTGT-1","10","10_0"
"R2_ATTACTCAGTGCACCC-1","10","10_0"
"R2_ATTCGTTGTATGCTTG-1","10","10_3"
"R2_CAACGGCGTTCTTAGG-1","10","10_1"
"R2_CACAGATAGCTATCCA-1","10","10_0"
"R2_CAGCCAGTCACCGGTG-1","10","10_0"
"R2_CATGCGGGTCAAAGCG-1","10","10_2"
"R2_CCAATTTCATGACGTT-1","10","10_0"
"R2_CCACAAATCCACGTGG-1","10","10_3"
"R2_CCCATTGTCTCAGTCC-1","10","10_0"
"R2_CCGGGTATCGGTCGAC-1","10","10_3"
"R2_CCGTTCAAGAGCGACT-1","10","10_2"
"R2_CGATGGCAGCGGTAAC-1","10","10_2"
"R2_CTCCCTCTCGCACTCT-1","10","10_0"
"R2_CTCCGATCAGCGACCT-1","10","10_0"
"R2_CTCCGATGTTAGGGTG-1","10","10_0"
"R2_CTGCATCGTTATGGTC-1","10","10_1"
"R2_CTGCGAGCAGCGCGTT-1","10","10_1"
"R2_CTGTATTCAGACCAAG-1","10","10_0"
"R2_CTTCTAAAGGCGACAT-1","10","10_1"
"R2_GAAATGACAATACAGA-1","10","10_1"
"R2_GACCAATGTCATAACC-1","10","10_2"
"R2_GAGAGGTAGGGACACT-1","10","10_1"
"R2_GAGTGTTTCTACTGCC-1","10","10_4"
"R2_GATAGCTAGCAATTCC-1","10","10_2"
"R2_GCCAGCAAGAACTGAT-1","10","10_3"
"R2_GGCTGTGTCGAGCCTG-1","10","10_0"
"R2_GGGAGTAAGAGAGGGC-1","10","10_0"
"R2_GGTCTGGAGTTGTCGT-1","10","10_0"
"R2_GTACAACTCGTGCTCT-1","10","10_0"
"R2_GTAGAAACACAGACGA-1","10","10_3"
"R2_GTAGTACTCTGCGAGC-1","10","10_2"
"R2_GTGCACGAGTATGACA-1","10","10_0"
"R2_GTGTCCTCAAACGGCA-1","10","10_0"
"R2_GTTAGTGAGTTGGAGC-1","10","10_1"
"R2_GTTGTCCAGCCTCGTG-1","10","10_1"
"R2_TAGCACAAGATCACCT-1","10","10_0"
"R2_TATACCTTCTTTCAGT-1","10","10_0"
"R2_TATGTTCAGGACAAGA-1","10","10_3"
"R2_TATGTTCCACGATTCA-1","10","10_2"
"R2_TCATGTTCATGGAAGC-1","10","10_0"
"R2_TCCGTGTCACTGCACG-1","10","10_1"
"R2_TCCTAATTCCGTAATG-1","10","10_4"
"R2_TGAGTCAAGCCTCACG-1","10","10_3"
"R2_TGATCTTAGGCCTTCG-1","10","10_0"
"R2_TGCTCCACATCAGCGC-1","10","10_0"
"R2_TGCTCGTCACATTACG-1","10","10_1"
"R2_TGGGAAGGTCTAGGCC-1","10","10_3"
"R2_TGTGCGGCAAATCAGA-1","10","10_3"
"R2_TTACTGTTCACGGAGA-1","10","10_2"
"R2_TTCATGTTCGTCCTTG-1","10","10_3"
"R2_TTCGGTCCACTGGCCA-1","10","10_0"
"R2_TTGCCTGAGAACGCGT-1","10","10_2"
"R2_TTGCGTCTCGTTTACT-1","10","10_4"
"R2_TTTGGAGAGACTACGG-1","10","10_0"
"R3_AAACCCACATGATAGA-1","10","10_3"
"R3_AAAGGATAGTAAGGGA-1","10","10_4"
"R3_AACTTCTTCAGCTTGA-1","10","10_4"
"R3_AACTTCTTCCGTGTGG-1","10","10_4"
"R3_AAGGAATCACGATTCA-1","10","10_4"
"R3_ACAGCCGCACCAAATC-1","10","10_4"
"R3_AGAGCCCAGGCTCTCG-1","10","10_4"
"R3_AGCGTATGTACGTGAG-1","10","10_4"
"R3_ATGGGAGGTAGGAAAG-1","10","10_0"
"R3_CAACAACTCCTAGCTC-1","10","10_4"
"R3_CAAGAGGGTAGGAAAG-1","10","10_0"
"R3_CAGCCAGGTTGGTGTT-1","10","10_4"
"R3_CAGGCCAGTATAATGG-1","10","10_4"
"R3_CATACTTGTTGACTGT-1","10","10_2"
"R3_CATCGGGGTACGGTTT-1","10","10_2"
"R3_CATTGTTCAATCTCTT-1","10","10_4"
"R3_CCACAAAGTAACAGGC-1","10","10_3"
"R3_CCCTTAGCAACTGATC-1","10","10_0"
"R3_CGTAATGTCGTGGCGT-1","10","10_3"
"R3_CTGCCTATCGCAACAT-1","10","10_4"
"R3_GACTTCCGTGCGGCTT-1","10","10_4"
"R3_GAGAGGTAGACCAACG-1","10","10_2"
"R3_GCCAGCAAGAACTGAT-1","10","10_3"
"R3_GCGTGCACATTATGCG-1","10","10_2"
"R3_GGTGTCGCACACCGAC-1","10","10_4"
"R3_GTAGAAACACAGACGA-1","10","10_3"
"R3_GTAGCTATCGCGAAGA-1","10","10_4"
"R3_GTCTACCTCGACATCA-1","10","10_0"
"R3_GTGGTTACATGCGTGC-1","10","10_0"
"R3_GTTAGACTCCTAGCGG-1","10","10_4"
"R3_GTTATGGCACTGAGTT-1","10","10_4"
"R3_TAACGACGTAGCTAAA-1","10","10_0"
"R3_TAACTTCTCCGTCCTA-1","10","10_4"
"R3_TAGAGTCTCGACGACC-1","10","10_0"
"R3_TATTGCTAGAGATTCA-1","10","10_0"
"R3_TCGCAGGTCCTGTTAT-1","10","10_4"
"R3_TCGTCCAGTGGCTGCT-1","10","10_0"
"R3_TCTGCCAGTCGAACGA-1","10","10_0"
"R3_TGCGGGTAGTAAGACT-1","10","10_2"
"R3_TGGTTAGCATATGAAG-1","10","10_4"
"R3_TGTGTGAGTATCTTCT-1","10","10_4"
"R3_TTCACCGCAGCCGTCA-1","10","10_0"
"R3_TTCACGCCATCGCTGG-1","10","10_0"
"R3_TTTGTTGGTTGAGGAC-1","10","10_4"
